-- --------------------------------------------------------
-- Host:                         127.0.0.1
-- Versión del servidor:         8.0.30 - MySQL Community Server - GPL
-- SO del servidor:              Win64
-- HeidiSQL Versión:             12.1.0.6537
-- --------------------------------------------------------

/*!40101 SET @OLD_CHARACTER_SET_CLIENT=@@CHARACTER_SET_CLIENT */;
/*!40101 SET NAMES utf8 */;
/*!50503 SET NAMES utf8mb4 */;
/*!40103 SET @OLD_TIME_ZONE=@@TIME_ZONE */;
/*!40103 SET TIME_ZONE='+00:00' */;
/*!40014 SET @OLD_FOREIGN_KEY_CHECKS=@@FOREIGN_KEY_CHECKS, FOREIGN_KEY_CHECKS=0 */;
/*!40101 SET @OLD_SQL_MODE=@@SQL_MODE, SQL_MODE='NO_AUTO_VALUE_ON_ZERO' */;
/*!40111 SET @OLD_SQL_NOTES=@@SQL_NOTES, SQL_NOTES=0 */;


-- Volcando estructura de base de datos para inventario_system
CREATE DATABASE IF NOT EXISTS `Inventariocondistri` /*!40100 DEFAULT CHARACTER SET utf8mb4 COLLATE utf8mb4_0900_ai_ci */ /*!80016 DEFAULT ENCRYPTION='N' */;
USE `Inventariocondistri`;

-- Volcando estructura para tabla inventario_system.detalle_ingresos
CREATE TABLE IF NOT EXISTS `detalle_ingresos` (
  `id` int NOT NULL AUTO_INCREMENT,
  `ingreso_id` int NOT NULL,
  `producto_id` int NOT NULL,
  `cantidad` int NOT NULL,
  `precio_compra` decimal(10,2) NOT NULL,
  `subtotal` decimal(10,2) NOT NULL,
  PRIMARY KEY (`id`),
  KEY `ingreso_id` (`ingreso_id`),
  KEY `producto_id` (`producto_id`),
  CONSTRAINT `detalle_ingresos_ibfk_1` FOREIGN KEY (`ingreso_id`) REFERENCES `ingresos` (`id`) ON DELETE CASCADE,
  CONSTRAINT `detalle_ingresos_ibfk_2` FOREIGN KEY (`producto_id`) REFERENCES `productos` (`id`) ON DELETE CASCADE
) ENGINE=InnoDB AUTO_INCREMENT=65 DEFAULT CHARSET=utf8mb4 COLLATE=utf8mb4_0900_ai_ci;

-- Volcando datos para la tabla inventario_system.detalle_ingresos: ~64 rows (aproximadamente)
INSERT INTO `detalle_ingresos` (`id`, `ingreso_id`, `producto_id`, `cantidad`, `precio_compra`, `subtotal`) VALUES
	(1, 1, 6, 10, 4.12, 41.20),
	(2, 1, 5, 686, 3.98, 2730.28),
	(3, 1, 17, 210, 4.42, 928.20),
	(4, 1, 19, 10, 5.75, 57.50),
	(5, 1, 10, 480, 4.42, 2121.60),
	(6, 1, 20, 70, 7.74, 541.80),
	(7, 1, 14, 580, 5.31, 3079.80),
	(8, 1, 15, 25, 4.04, 101.00),
	(9, 1, 23, 60, 4.42, 265.20),
	(10, 1, 22, 20, 7.74, 154.80),
	(11, 1, 21, 555, 2.65, 1470.75),
	(12, 1, 25, 5, 7.74, 38.70),
	(13, 1, 24, 240, 2.65, 636.00),
	(14, 1, 29, 20, 7.74, 154.80),
	(15, 1, 28, 360, 2.65, 954.00),
	(16, 1, 34, 332, 4.42, 1467.44),
	(17, 1, 35, 60, 4.42, 265.20),
	(18, 1, 39, 100, 6.64, 664.00),
	(19, 1, 36, 460, 2.65, 1219.00),
	(20, 1, 42, 144, 4.42, 636.48),
	(21, 1, 40, 60, 4.42, 265.20),
	(22, 1, 43, 70, 6.64, 464.80),
	(23, 1, 41, 340, 2.65, 901.00),
	(24, 1, 65, 58, 2.50, 145.00),
	(25, 1, 82, 90, 3.01, 270.90),
	(26, 1, 81, 35, 3.01, 105.35),
	(27, 1, 93, 50, 3.36, 168.00),
	(28, 1, 94, 10, 5.09, 50.90),
	(29, 1, 95, 50, 3.36, 168.00),
	(30, 1, 96, 30, 5.09, 152.70),
	(31, 1, 97, 45, 3.36, 151.20),
	(32, 1, 111, 240, 3.14, 753.60),
	(33, 1, 113, 120, 3.98, 477.60),
	(34, 2, 2, 80, 3.54, 283.20),
	(35, 2, 1, 25, 8.95, 223.75),
	(36, 2, 69, 40, 8.85, 354.00),
	(37, 2, 67, 30, 8.85, 265.50),
	(38, 2, 70, 30, 8.85, 265.50),
	(39, 2, 88, 10, 11.50, 115.00),
	(40, 2, 90, 40, 11.50, 460.00),
	(41, 2, 91, 10, 11.50, 115.00),
	(42, 3, 59, 20, 19.56, 391.20),
	(43, 3, 60, 40, 19.56, 782.40),
	(44, 3, 61, 20, 19.56, 391.20),
	(45, 3, 62, 35, 19.56, 684.60),
	(46, 3, 63, 35, 19.56, 684.60),
	(47, 4, 45, 35, 11.04, 386.40),
	(48, 4, 46, 50, 9.73, 486.50),
	(49, 4, 47, 60, 7.10, 426.00),
	(50, 4, 48, 35, 13.01, 455.35),
	(51, 4, 52, 120, 4.71, 565.20),
	(52, 4, 53, 65, 6.95, 451.75),
	(53, 4, 54, 25, 9.51, 237.75),
	(54, 4, 56, 45, 9.73, 437.85),
	(55, 4, 58, 45, 8.56, 385.20),
	(56, 4, 77, 80, 5.94, 475.20),
	(57, 4, 78, 55, 8.17, 449.35),
	(58, 5, 71, 80, 8.04, 643.20),
	(59, 6, 3, 1500, 0.58, 870.00),
	(60, 7, 83, 30, 4.48, 134.40),
	(61, 7, 84, 150, 4.48, 672.00),
	(62, 7, 85, 120, 4.48, 537.60),
	(63, 8, 87, 135, 8.50, 1147.50),
	(64, 9, 65, 100, 2.50, 250.00);

-- Volcando estructura para tabla inventario_system.detalle_tablas_distribucion
CREATE TABLE IF NOT EXISTS `detalle_tablas_distribucion` (
  `id` int NOT NULL AUTO_INCREMENT,
  `tabla_id` int NOT NULL,
  `producto_id` int NOT NULL,
  `cantidad` int NOT NULL,
  `precio_venta` decimal(10,2) NOT NULL,
  `subtotal` decimal(10,2) NOT NULL,
  PRIMARY KEY (`id`),
  KEY `tabla_id` (`tabla_id`),
  KEY `producto_id` (`producto_id`),
  CONSTRAINT `detalle_tablas_distribucion_ibfk_1` FOREIGN KEY (`tabla_id`) REFERENCES `tablas_distribucion` (`id`) ON DELETE CASCADE,
  CONSTRAINT `detalle_tablas_distribucion_ibfk_2` FOREIGN KEY (`producto_id`) REFERENCES `productos` (`id`) ON DELETE CASCADE
) ENGINE=InnoDB DEFAULT CHARSET=utf8mb4 COLLATE=utf8mb4_0900_ai_ci;

-- Volcando datos para la tabla inventario_system.detalle_tablas_distribucion: ~0 rows (aproximadamente)
INSERT INTO `detalle_tablas_distribucion` (`id`, `tabla_id`, `producto_id`, `cantidad`, `precio_venta`, `subtotal`) VALUES
	(1, 1, 88, 1, 13.00, 13.00),
	(2, 1, 28, 4, 3.00, 12.00),
	(3, 1, 111, 2, 3.55, 7.10),
	(4, 2, 21, 1, 3.00, 3.00),
	(5, 2, 60, 1, 22.10, 22.10),
	(6, 2, 94, 3, 5.75, 17.25),
	(7, 3, 40, 2, 5.00, 10.00),
	(8, 3, 63, 5, 22.10, 110.50),
	(9, 3, 65, 4, 5.00, 20.00),
	(10, 4, 25, 3, 8.75, 26.25),
	(11, 4, 1, 2, 10.00, 20.00),
	(12, 4, 15, 3, 4.55, 13.65),
	(13, 5, 47, 4, 8.50, 34.00),
	(14, 5, 14, 4, 6.00, 24.00),
	(15, 5, 95, 5, 3.80, 19.00),
	(16, 6, 113, 3, 4.50, 13.50),
	(17, 6, 3, 5, 0.90, 4.50),
	(18, 6, 54, 2, 11.25, 22.50),
	(19, 7, 96, 1, 5.75, 5.75),
	(20, 7, 111, 4, 3.55, 14.20),
	(21, 7, 28, 1, 3.00, 3.00),
	(22, 8, 17, 2, 5.00, 10.00),
	(23, 8, 83, 3, 5.00, 15.00),
	(24, 8, 67, 5, 10.00, 50.00),
	(25, 9, 2, 2, 4.00, 8.00),
	(26, 9, 78, 1, 9.75, 9.75),
	(27, 9, 63, 1, 22.10, 22.10),
	(28, 10, 36, 1, 3.00, 3.00),
	(29, 10, 20, 1, 8.75, 8.75),
	(30, 10, 3, 5, 0.90, 4.50),
	(31, 11, 78, 4, 9.75, 39.00),
	(32, 11, 67, 3, 10.00, 30.00),
	(33, 11, 1, 2, 10.00, 20.00),
	(34, 12, 88, 2, 13.00, 26.00),
	(35, 12, 2, 4, 4.00, 16.00),
	(36, 12, 56, 4, 11.55, 46.20),
	(37, 13, 70, 4, 10.00, 40.00),
	(38, 13, 87, 2, 10.00, 20.00),
	(39, 13, 39, 4, 8.75, 35.00),
	(40, 14, 14, 4, 6.00, 24.00),
	(41, 14, 52, 4, 5.85, 23.40),
	(42, 14, 96, 2, 5.75, 11.50),
	(43, 15, 90, 4, 13.00, 52.00),
	(44, 15, 2, 1, 4.00, 4.00),
	(45, 15, 29, 1, 8.75, 8.75),
	(46, 16, 113, 1, 4.50, 4.50),
	(47, 16, 1, 5, 10.00, 50.00),
	(48, 16, 97, 3, 3.80, 11.40),
	(49, 17, 6, 4, 4.65, 18.60),
	(50, 17, 97, 2, 3.80, 7.60),
	(51, 17, 47, 2, 8.50, 17.00),
	(52, 18, 91, 3, 13.00, 39.00),
	(53, 18, 59, 5, 22.10, 110.50),
	(54, 18, 29, 1, 8.75, 8.75),
	(55, 19, 95, 2, 3.80, 7.60),
	(56, 19, 52, 1, 5.85, 5.85),
	(57, 19, 19, 4, 6.50, 26.00),
	(58, 20, 65, 4, 5.00, 20.00),
	(59, 20, 96, 3, 5.75, 17.25),
	(60, 20, 94, 4, 5.75, 23.00),
	(61, 21, 113, 3, 4.50, 13.50),
	(62, 21, 19, 1, 6.50, 6.50),
	(63, 21, 67, 3, 10.00, 30.00),
	(64, 22, 111, 5, 3.55, 17.75),
	(65, 22, 10, 1, 5.00, 5.00),
	(66, 22, 19, 5, 6.50, 32.50),
	(67, 23, 94, 3, 5.75, 17.25),
	(68, 23, 95, 1, 3.80, 3.80),
	(69, 23, 67, 3, 10.00, 30.00),
	(70, 24, 83, 1, 5.00, 5.00),
	(71, 24, 24, 3, 3.00, 9.00),
	(72, 24, 70, 5, 10.00, 50.00),
	(73, 25, 58, 5, 10.25, 51.25),
	(74, 25, 62, 1, 22.10, 22.10),
	(75, 25, 56, 4, 11.55, 46.20),
	(76, 26, 65, 4, 5.00, 20.00),
	(77, 26, 53, 3, 8.55, 25.65),
	(78, 26, 10, 3, 5.00, 15.00),
	(79, 27, 60, 2, 22.10, 44.20),
	(80, 27, 2, 4, 4.00, 16.00),
	(81, 27, 56, 2, 11.55, 23.10),
	(82, 28, 46, 5, 11.55, 57.75),
	(83, 28, 25, 2, 8.75, 17.50),
	(84, 28, 6, 1, 4.65, 4.65),
	(85, 29, 85, 2, 5.00, 10.00),
	(86, 29, 42, 3, 5.00, 15.00),
	(87, 29, 70, 5, 10.00, 50.00),
	(88, 30, 82, 3, 3.40, 10.20),
	(89, 30, 40, 5, 5.00, 25.00),
	(90, 30, 24, 4, 3.00, 12.00),
	(91, 31, 43, 4, 8.75, 35.00),
	(92, 31, 81, 1, 3.40, 3.40),
	(93, 31, 56, 2, 11.55, 23.10),
	(94, 32, 2, 3, 4.00, 12.00),
	(95, 32, 113, 1, 4.50, 4.50),
	(96, 32, 35, 2, 5.00, 10.00),
	(97, 33, 90, 4, 13.00, 52.00),
	(98, 33, 97, 5, 3.80, 19.00),
	(99, 33, 71, 4, 9.60, 38.40),
	(100, 34, 48, 3, 14.45, 43.35),
	(101, 34, 61, 5, 22.10, 110.50),
	(102, 34, 28, 3, 3.00, 9.00),
	(103, 35, 41, 2, 3.00, 6.00),
	(104, 35, 52, 3, 5.85, 17.55),
	(105, 35, 69, 3, 10.00, 30.00),
	(106, 36, 39, 2, 8.75, 17.50),
	(107, 36, 3, 1, 0.90, 0.90),
	(108, 36, 21, 4, 3.00, 12.00),
	(109, 37, 111, 5, 3.55, 17.75),
	(110, 37, 71, 2, 9.60, 19.20),
	(111, 37, 67, 2, 10.00, 20.00),
	(112, 38, 85, 3, 5.00, 15.00),
	(113, 38, 28, 2, 3.00, 6.00),
	(114, 38, 91, 3, 13.00, 39.00),
	(115, 39, 67, 3, 10.00, 30.00),
	(116, 39, 83, 1, 5.00, 5.00),
	(117, 39, 111, 2, 3.55, 7.10),
	(118, 40, 28, 3, 3.00, 9.00),
	(119, 40, 56, 5, 11.55, 57.75),
	(120, 40, 84, 5, 5.00, 25.00),
	(121, 41, 17, 1, 5.00, 5.00),
	(122, 41, 54, 5, 11.25, 56.25),
	(123, 41, 71, 2, 9.60, 19.20),
	(124, 42, 3, 1, 0.90, 0.90),
	(125, 42, 93, 5, 3.80, 19.00),
	(126, 42, 40, 5, 5.00, 25.00),
	(127, 43, 23, 4, 5.00, 20.00),
	(128, 43, 42, 1, 5.00, 5.00),
	(129, 43, 45, 4, 13.50, 54.00),
	(130, 44, 113, 2, 4.50, 9.00),
	(131, 44, 43, 3, 8.75, 26.25),
	(132, 44, 96, 3, 5.75, 17.25),
	(133, 45, 52, 4, 5.85, 23.40),
	(134, 45, 56, 5, 11.55, 57.75),
	(135, 45, 1, 2, 10.00, 20.00),
	(136, 46, 67, 3, 10.00, 30.00),
	(137, 46, 45, 3, 13.50, 40.50),
	(138, 46, 21, 5, 3.00, 15.00),
	(139, 47, 65, 1, 5.00, 5.00),
	(140, 47, 6, 5, 4.65, 23.25),
	(141, 47, 87, 5, 10.00, 50.00),
	(142, 48, 56, 4, 11.55, 46.20),
	(143, 48, 47, 3, 8.50, 25.50),
	(144, 48, 82, 3, 3.40, 10.20),
	(145, 49, 77, 3, 7.25, 21.75),
	(146, 49, 40, 5, 5.00, 25.00),
	(147, 49, 2, 4, 4.00, 16.00),
	(148, 50, 62, 2, 22.10, 44.20),
	(149, 50, 53, 1, 8.55, 8.55),
	(150, 50, 78, 5, 9.75, 48.75),
	(151, 51, 62, 2, 22.10, 44.20),
	(152, 51, 56, 5, 11.55, 57.75),
	(153, 51, 60, 5, 22.10, 110.50),
	(154, 52, 5, 3, 4.50, 13.50),
	(155, 52, 15, 1, 4.55, 4.55),
	(156, 52, 17, 1, 5.00, 5.00),
	(157, 53, 10, 5, 5.00, 25.00),
	(158, 53, 67, 2, 10.00, 20.00),
	(159, 53, 48, 4, 14.45, 57.80),
	(160, 54, 1, 1, 10.00, 10.00),
	(161, 54, 88, 1, 13.00, 13.00),
	(162, 54, 46, 5, 11.55, 57.75),
	(163, 55, 85, 2, 5.00, 10.00),
	(164, 55, 88, 1, 13.00, 13.00),
	(165, 55, 67, 1, 10.00, 10.00),
	(166, 56, 59, 4, 22.10, 88.40),
	(167, 56, 96, 1, 5.75, 5.75),
	(168, 56, 22, 4, 8.75, 35.00),
	(169, 57, 58, 5, 10.25, 51.25),
	(170, 57, 2, 5, 4.00, 20.00),
	(171, 57, 67, 2, 10.00, 20.00),
	(172, 58, 3, 5, 0.90, 4.50),
	(173, 58, 93, 4, 3.80, 15.20),
	(174, 58, 23, 4, 5.00, 20.00),
	(175, 59, 71, 2, 9.60, 19.20),
	(176, 59, 29, 3, 8.75, 26.25),
	(177, 59, 45, 4, 13.50, 54.00),
	(178, 60, 43, 1, 8.75, 8.75),
	(179, 60, 88, 3, 13.00, 39.00),
	(180, 60, 84, 3, 5.00, 15.00),
	(181, 61, 23, 5, 5.00, 25.00),
	(182, 61, 36, 4, 3.00, 12.00),
	(183, 61, 96, 3, 5.75, 17.25),
	(184, 62, 29, 2, 8.75, 17.50),
	(185, 62, 23, 1, 5.00, 5.00),
	(186, 62, 3, 4, 0.90, 3.60),
	(187, 63, 56, 5, 11.55, 57.75),
	(188, 63, 5, 5, 4.50, 22.50),
	(189, 63, 61, 2, 22.10, 44.20),
	(190, 64, 22, 5, 8.75, 43.75),
	(191, 64, 59, 2, 22.10, 44.20),
	(192, 64, 35, 5, 5.00, 25.00),
	(193, 65, 95, 5, 3.80, 19.00),
	(194, 65, 23, 3, 5.00, 15.00),
	(195, 65, 78, 3, 9.75, 29.25),
	(196, 66, 59, 3, 22.10, 66.30),
	(197, 66, 34, 1, 5.00, 5.00),
	(198, 66, 71, 3, 9.60, 28.80),
	(199, 67, 81, 1, 3.40, 3.40),
	(200, 67, 1, 5, 10.00, 50.00),
	(201, 67, 65, 3, 5.00, 15.00),
	(202, 68, 46, 1, 11.55, 11.55),
	(203, 68, 42, 5, 5.00, 25.00),
	(204, 68, 87, 4, 10.00, 40.00),
	(205, 69, 84, 5, 5.00, 25.00),
	(206, 69, 46, 4, 11.55, 46.20),
	(207, 69, 85, 1, 5.00, 5.00),
	(208, 70, 62, 1, 22.10, 22.10),
	(209, 70, 48, 2, 14.45, 28.90),
	(210, 70, 53, 3, 8.55, 25.65),
	(211, 71, 45, 5, 13.50, 67.50),
	(212, 71, 23, 2, 5.00, 10.00),
	(213, 71, 63, 5, 22.10, 110.50),
	(214, 72, 45, 1, 13.50, 13.50),
	(215, 72, 71, 2, 9.60, 19.20),
	(216, 72, 53, 1, 8.55, 8.55),
	(217, 73, 43, 2, 8.75, 17.50),
	(218, 73, 81, 4, 3.40, 13.60),
	(219, 73, 46, 4, 11.55, 46.20),
	(220, 74, 17, 2, 5.00, 10.00),
	(221, 74, 61, 4, 22.10, 88.40),
	(222, 74, 95, 5, 3.80, 19.00),
	(223, 75, 93, 2, 3.80, 7.60),
	(224, 75, 54, 1, 11.25, 11.25),
	(225, 75, 61, 3, 22.10, 66.30),
	(226, 76, 34, 5, 5.00, 25.00),
	(227, 76, 20, 4, 8.75, 35.00),
	(228, 76, 5, 2, 4.50, 9.00),
	(229, 77, 52, 1, 5.85, 5.85),
	(230, 77, 45, 5, 13.50, 67.50),
	(231, 77, 81, 4, 3.40, 13.60),
	(232, 78, 63, 5, 22.10, 110.50),
	(233, 78, 58, 4, 10.25, 41.00),
	(234, 78, 65, 4, 5.00, 20.00),
	(235, 79, 78, 2, 9.75, 19.50),
	(236, 79, 67, 2, 10.00, 20.00),
	(237, 79, 54, 1, 11.25, 11.25),
	(238, 80, 46, 5, 11.55, 57.75),
	(239, 80, 111, 2, 3.55, 7.10),
	(240, 80, 85, 5, 5.00, 25.00),
	(241, 81, 84, 5, 5.00, 25.00),
	(242, 81, 58, 3, 10.25, 30.75),
	(243, 81, 47, 3, 8.50, 25.50),
	(244, 82, 96, 3, 5.75, 17.25),
	(245, 82, 67, 1, 10.00, 10.00),
	(246, 82, 52, 1, 5.85, 5.85),
	(247, 83, 88, 2, 13.00, 26.00),
	(248, 83, 111, 2, 3.55, 7.10),
	(249, 83, 93, 5, 3.80, 19.00),
	(250, 84, 43, 5, 8.75, 43.75),
	(251, 84, 93, 5, 3.80, 19.00),
	(252, 84, 23, 1, 5.00, 5.00),
	(253, 85, 29, 1, 8.75, 8.75),
	(254, 85, 2, 4, 4.00, 16.00),
	(255, 85, 83, 5, 5.00, 25.00),
	(256, 86, 61, 4, 22.10, 88.40),
	(257, 86, 36, 4, 3.00, 12.00),
	(258, 86, 22, 4, 8.75, 35.00),
	(259, 87, 35, 1, 5.00, 5.00),
	(260, 87, 21, 5, 3.00, 15.00),
	(261, 87, 45, 4, 13.50, 54.00),
	(262, 88, 97, 1, 3.80, 3.80),
	(263, 88, 23, 4, 5.00, 20.00),
	(264, 88, 39, 4, 8.75, 35.00),
	(265, 89, 47, 3, 8.50, 25.50),
	(266, 89, 54, 4, 11.25, 45.00),
	(267, 89, 87, 2, 10.00, 20.00),
	(268, 90, 59, 3, 22.10, 66.30),
	(269, 90, 81, 5, 3.40, 17.00),
	(270, 90, 91, 4, 13.00, 52.00),
	(271, 91, 71, 1, 9.60, 9.60),
	(272, 91, 24, 3, 3.00, 9.00),
	(273, 91, 47, 2, 8.50, 17.00),
	(274, 92, 40, 5, 5.00, 25.00),
	(275, 92, 59, 2, 22.10, 44.20),
	(276, 92, 62, 1, 22.10, 22.10),
	(277, 93, 14, 4, 6.00, 24.00),
	(278, 93, 1, 2, 10.00, 20.00),
	(279, 93, 47, 3, 8.50, 25.50),
	(280, 94, 42, 4, 5.00, 20.00),
	(281, 94, 34, 1, 5.00, 5.00),
	(282, 94, 111, 4, 3.55, 14.20),
	(283, 95, 52, 4, 5.85, 23.40),
	(284, 95, 15, 2, 4.55, 9.10),
	(285, 95, 77, 4, 7.25, 29.00),
	(286, 96, 90, 5, 13.00, 65.00),
	(287, 96, 23, 2, 5.00, 10.00),
	(288, 96, 24, 3, 3.00, 9.00),
	(289, 97, 3, 3, 0.90, 2.70),
	(290, 97, 10, 4, 5.00, 20.00),
	(291, 97, 70, 5, 10.00, 50.00),
	(292, 98, 1, 2, 10.00, 20.00),
	(293, 98, 82, 3, 3.40, 10.20),
	(294, 98, 95, 2, 3.80, 7.60),
	(295, 99, 65, 3, 5.00, 15.00),
	(296, 99, 87, 2, 10.00, 20.00),
	(297, 99, 23, 4, 5.00, 20.00),
	(298, 100, 42, 4, 5.00, 20.00),
	(299, 100, 58, 2, 10.25, 20.50),
	(300, 100, 111, 4, 3.55, 14.20),
	(301, 101, 29, 1, 8.75, 8.75),
	(302, 101, 62, 3, 22.10, 66.30),
	(303, 101, 24, 3, 3.00, 9.00),
	(304, 102, 42, 1, 5.00, 5.00),
	(305, 102, 54, 4, 11.25, 45.00),
	(306, 102, 40, 5, 5.00, 25.00),
	(307, 103, 96, 3, 5.75, 17.25),
	(308, 103, 71, 5, 9.60, 48.00),
	(309, 103, 90, 1, 13.00, 13.00),
	(310, 104, 58, 2, 10.25, 20.50),
	(311, 104, 46, 5, 11.55, 57.75),
	(312, 104, 81, 5, 3.40, 17.00),
	(313, 105, 70, 4, 10.00, 40.00),
	(314, 105, 90, 4, 13.00, 52.00),
	(315, 105, 71, 5, 9.60, 48.00),
	(316, 106, 29, 1, 8.75, 8.75),
	(317, 106, 95, 2, 3.80, 7.60),
	(318, 106, 69, 5, 10.00, 50.00),
	(319, 107, 21, 5, 3.00, 15.00),
	(320, 107, 61, 2, 22.10, 44.20),
	(321, 107, 56, 1, 11.55, 11.55),
	(322, 108, 78, 2, 9.75, 19.50),
	(323, 108, 58, 5, 10.25, 51.25),
	(324, 108, 56, 4, 11.55, 46.20),
	(325, 109, 45, 3, 13.50, 40.50),
	(326, 109, 48, 3, 14.45, 43.35),
	(327, 109, 70, 5, 10.00, 50.00),
	(328, 110, 97, 2, 3.80, 7.60),
	(329, 110, 24, 3, 3.00, 9.00),
	(330, 110, 95, 4, 3.80, 15.20),
	(331, 111, 23, 2, 5.00, 10.00),
	(332, 111, 71, 2, 9.60, 19.20),
	(333, 111, 36, 4, 3.00, 12.00),
	(334, 112, 113, 4, 4.50, 18.00),
	(335, 112, 24, 3, 3.00, 9.00),
	(336, 112, 47, 5, 8.50, 42.50),
	(337, 113, 113, 2, 4.50, 9.00),
	(338, 113, 23, 4, 5.00, 20.00),
	(339, 113, 90, 5, 13.00, 65.00),
	(340, 114, 34, 1, 5.00, 5.00),
	(341, 114, 113, 5, 4.50, 22.50),
	(342, 114, 21, 3, 3.00, 9.00),
	(343, 115, 48, 4, 14.45, 57.80),
	(344, 115, 39, 2, 8.75, 17.50),
	(345, 115, 71, 3, 9.60, 28.80),
	(346, 116, 46, 3, 11.55, 34.65),
	(347, 116, 39, 4, 8.75, 35.00),
	(348, 116, 53, 5, 8.55, 42.75),
	(349, 117, 43, 5, 8.75, 43.75),
	(350, 117, 21, 5, 3.00, 15.00),
	(351, 117, 15, 5, 4.55, 22.75),
	(352, 118, 97, 1, 3.80, 3.80),
	(353, 118, 63, 4, 22.10, 88.40),
	(354, 118, 46, 2, 11.55, 23.10),
	(355, 119, 20, 1, 8.75, 8.75),
	(356, 119, 84, 4, 5.00, 20.00),
	(357, 119, 52, 5, 5.85, 29.25),
	(358, 120, 40, 1, 5.00, 5.00),
	(359, 120, 78, 3, 9.75, 29.25),
	(360, 120, 45, 1, 13.50, 13.50),
	(361, 121, 47, 1, 8.50, 8.50),
	(362, 121, 10, 2, 5.00, 10.00),
	(363, 121, 58, 2, 10.25, 20.50),
	(364, 122, 77, 2, 7.25, 14.50),
	(365, 122, 59, 1, 22.10, 22.10),
	(366, 122, 47, 4, 8.50, 34.00),
	(367, 123, 46, 1, 11.55, 11.55),
	(368, 123, 85, 5, 5.00, 25.00),
	(369, 123, 35, 1, 5.00, 5.00),
	(370, 124, 5, 2, 4.50, 9.00),
	(371, 124, 52, 4, 5.85, 23.40),
	(372, 124, 14, 4, 6.00, 24.00),
	(373, 125, 21, 4, 3.00, 12.00),
	(374, 125, 52, 4, 5.85, 23.40),
	(375, 125, 58, 3, 10.25, 30.75),
	(376, 126, 15, 4, 4.55, 18.20),
	(377, 126, 93, 4, 3.80, 15.20),
	(378, 126, 71, 2, 9.60, 19.20),
	(379, 127, 20, 1, 8.75, 8.75),
	(380, 127, 77, 1, 7.25, 7.25),
	(381, 127, 111, 4, 3.55, 14.20),
	(382, 128, 1, 3, 10.00, 30.00),
	(383, 128, 22, 4, 8.75, 35.00),
	(384, 128, 95, 5, 3.80, 19.00),
	(385, 129, 53, 4, 8.55, 34.20),
	(386, 129, 45, 2, 13.50, 27.00),
	(387, 129, 52, 1, 5.85, 5.85),
	(388, 130, 63, 1, 22.10, 22.10),
	(389, 130, 65, 2, 5.00, 10.00),
	(390, 130, 22, 2, 8.75, 17.50),
	(391, 131, 96, 3, 5.75, 17.25),
	(392, 131, 40, 5, 5.00, 25.00),
	(393, 131, 87, 2, 10.00, 20.00),
	(394, 132, 90, 5, 13.00, 65.00),
	(395, 132, 84, 5, 5.00, 25.00),
	(396, 132, 53, 5, 8.55, 42.75),
	(397, 133, 52, 2, 5.85, 11.70),
	(398, 133, 113, 1, 4.50, 4.50),
	(399, 133, 36, 5, 3.00, 15.00),
	(400, 134, 5, 3, 4.50, 13.50),
	(401, 134, 77, 1, 7.25, 7.25),
	(402, 134, 14, 4, 6.00, 24.00),
	(403, 135, 52, 1, 5.85, 5.85),
	(404, 135, 70, 2, 10.00, 20.00),
	(405, 135, 42, 3, 5.00, 15.00),
	(406, 136, 84, 3, 5.00, 15.00),
	(407, 136, 15, 3, 4.55, 13.65),
	(408, 136, 96, 5, 5.75, 28.75),
	(409, 137, 56, 4, 11.55, 46.20),
	(410, 137, 29, 4, 8.75, 35.00),
	(411, 137, 69, 1, 10.00, 10.00),
	(412, 138, 85, 3, 5.00, 15.00),
	(413, 138, 29, 3, 8.75, 26.25),
	(414, 138, 83, 1, 5.00, 5.00),
	(415, 139, 85, 2, 5.00, 10.00),
	(416, 139, 60, 4, 22.10, 88.40),
	(417, 139, 45, 3, 13.50, 40.50),
	(418, 140, 87, 1, 10.00, 10.00),
	(419, 140, 34, 3, 5.00, 15.00),
	(420, 140, 111, 4, 3.55, 14.20),
	(421, 141, 85, 2, 5.00, 10.00),
	(422, 141, 58, 4, 10.25, 41.00),
	(423, 141, 2, 2, 4.00, 8.00),
	(424, 142, 22, 1, 8.75, 8.75),
	(425, 142, 63, 1, 22.10, 22.10),
	(426, 142, 58, 3, 10.25, 30.75),
	(427, 143, 1, 1, 10.00, 10.00),
	(428, 143, 3, 4, 0.90, 3.60),
	(429, 143, 41, 5, 3.00, 15.00),
	(430, 144, 35, 3, 5.00, 15.00),
	(431, 144, 10, 2, 5.00, 10.00),
	(432, 144, 54, 3, 11.25, 33.75),
	(433, 145, 58, 4, 10.25, 41.00),
	(434, 145, 77, 4, 7.25, 29.00),
	(435, 145, 42, 2, 5.00, 10.00),
	(436, 146, 48, 5, 14.45, 72.25),
	(437, 146, 96, 3, 5.75, 17.25),
	(438, 146, 42, 2, 5.00, 10.00),
	(439, 147, 47, 4, 8.50, 34.00),
	(440, 147, 20, 1, 8.75, 8.75),
	(441, 147, 2, 3, 4.00, 12.00),
	(442, 148, 2, 3, 4.00, 12.00),
	(443, 148, 60, 1, 22.10, 22.10),
	(444, 148, 36, 2, 3.00, 6.00),
	(445, 149, 21, 4, 3.00, 12.00),
	(446, 149, 29, 3, 8.75, 26.25),
	(447, 149, 85, 3, 5.00, 15.00),
	(448, 150, 24, 3, 3.00, 9.00),
	(449, 150, 95, 1, 3.80, 3.80),
	(450, 150, 46, 3, 11.55, 34.65),
	(451, 151, 83, 4, 5.00, 20.00),
	(452, 151, 60, 3, 22.10, 66.30),
	(453, 151, 113, 1, 4.50, 4.50),
	(454, 152, 35, 2, 5.00, 10.00),
	(455, 152, 81, 4, 3.40, 13.60),
	(456, 152, 46, 1, 11.55, 11.55),
	(457, 153, 42, 4, 5.00, 20.00),
	(458, 153, 97, 5, 3.80, 19.00),
	(459, 153, 21, 2, 3.00, 6.00),
	(460, 154, 3, 1, 0.90, 0.90),
	(461, 154, 95, 5, 3.80, 19.00),
	(462, 154, 77, 3, 7.25, 21.75),
	(463, 155, 54, 5, 11.25, 56.25),
	(464, 155, 52, 2, 5.85, 11.70),
	(465, 155, 58, 1, 10.25, 10.25),
	(466, 156, 97, 1, 3.80, 3.80),
	(467, 156, 43, 5, 8.75, 43.75),
	(468, 156, 2, 3, 4.00, 12.00),
	(469, 157, 97, 3, 3.80, 11.40),
	(470, 157, 14, 2, 6.00, 12.00),
	(471, 157, 81, 2, 3.40, 6.80),
	(472, 158, 2, 4, 4.00, 16.00),
	(473, 158, 5, 3, 4.50, 13.50),
	(474, 158, 60, 1, 22.10, 22.10),
	(475, 159, 77, 1, 7.25, 7.25),
	(476, 159, 62, 2, 22.10, 44.20),
	(477, 159, 15, 5, 4.55, 22.75),
	(478, 160, 52, 3, 5.85, 17.55),
	(479, 160, 85, 4, 5.00, 20.00),
	(480, 160, 10, 5, 5.00, 25.00),
	(481, 161, 111, 1, 3.55, 3.55),
	(482, 161, 60, 2, 22.10, 44.20),
	(483, 161, 48, 1, 14.45, 14.45),
	(484, 162, 113, 3, 4.50, 13.50),
	(485, 162, 85, 4, 5.00, 20.00),
	(486, 162, 20, 4, 8.75, 35.00),
	(487, 163, 28, 5, 3.00, 15.00),
	(488, 163, 39, 1, 8.75, 8.75),
	(489, 163, 3, 1, 0.90, 0.90),
	(490, 164, 43, 2, 8.75, 17.50),
	(491, 164, 60, 5, 22.10, 110.50),
	(492, 164, 65, 1, 5.00, 5.00),
	(493, 165, 46, 3, 11.55, 34.65),
	(494, 165, 81, 5, 3.40, 17.00),
	(495, 165, 97, 2, 3.80, 7.60),
	(496, 166, 10, 4, 5.00, 20.00),
	(497, 166, 17, 4, 5.00, 20.00),
	(498, 166, 15, 2, 4.55, 9.10),
	(499, 167, 111, 3, 3.55, 10.65),
	(500, 167, 21, 2, 3.00, 6.00),
	(501, 167, 113, 5, 4.50, 22.50),
	(502, 168, 85, 4, 5.00, 20.00),
	(503, 168, 2, 2, 4.00, 8.00),
	(504, 168, 63, 3, 22.10, 66.30),
	(505, 169, 58, 1, 10.25, 10.25),
	(506, 169, 83, 4, 5.00, 20.00),
	(507, 169, 60, 5, 22.10, 110.50),
	(508, 170, 42, 2, 5.00, 10.00),
	(509, 170, 84, 4, 5.00, 20.00),
	(510, 170, 62, 4, 22.10, 88.40),
	(511, 171, 62, 5, 22.10, 110.50),
	(512, 171, 52, 5, 5.85, 29.25),
	(513, 171, 2, 4, 4.00, 16.00),
	(514, 172, 113, 3, 4.50, 13.50),
	(515, 172, 62, 1, 22.10, 22.10),
	(516, 172, 36, 4, 3.00, 12.00),
	(517, 173, 81, 1, 3.40, 3.40),
	(518, 173, 83, 2, 5.00, 10.00),
	(519, 173, 2, 4, 4.00, 16.00),
	(520, 174, 63, 4, 22.10, 88.40),
	(521, 174, 40, 2, 5.00, 10.00),
	(522, 174, 10, 2, 5.00, 10.00),
	(523, 175, 24, 5, 3.00, 15.00),
	(524, 175, 81, 1, 3.40, 3.40),
	(525, 175, 111, 4, 3.55, 14.20),
	(526, 176, 23, 2, 5.00, 10.00),
	(527, 176, 81, 2, 3.40, 6.80),
	(528, 176, 69, 1, 10.00, 10.00),
	(529, 177, 48, 3, 14.45, 43.35),
	(530, 177, 58, 1, 10.25, 10.25),
	(531, 177, 3, 3, 0.90, 2.70),
	(532, 178, 77, 4, 7.25, 29.00),
	(533, 178, 71, 5, 9.60, 48.00),
	(534, 178, 24, 1, 3.00, 3.00),
	(535, 179, 63, 3, 22.10, 66.30),
	(536, 179, 3, 4, 0.90, 3.60),
	(537, 179, 39, 4, 8.75, 35.00),
	(538, 180, 93, 4, 3.80, 15.20),
	(539, 180, 97, 3, 3.80, 11.40),
	(540, 180, 36, 3, 3.00, 9.00),
	(541, 181, 97, 2, 3.80, 7.60),
	(542, 181, 62, 5, 22.10, 110.50),
	(543, 181, 41, 2, 3.00, 6.00),
	(544, 182, 87, 2, 10.00, 20.00),
	(545, 182, 3, 5, 0.90, 4.50),
	(546, 182, 97, 3, 3.80, 11.40),
	(547, 183, 3, 1, 0.90, 0.90),
	(548, 183, 42, 1, 5.00, 5.00),
	(549, 183, 28, 3, 3.00, 9.00),
	(550, 184, 41, 5, 3.00, 15.00),
	(551, 184, 84, 1, 5.00, 5.00),
	(552, 184, 83, 4, 5.00, 20.00),
	(553, 185, 83, 5, 5.00, 25.00),
	(554, 185, 78, 1, 9.75, 9.75),
	(555, 185, 69, 3, 10.00, 30.00),
	(556, 186, 2, 3, 4.00, 12.00),
	(557, 186, 34, 2, 5.00, 10.00),
	(558, 186, 71, 1, 9.60, 9.60),
	(559, 187, 53, 4, 8.55, 34.20),
	(560, 187, 2, 2, 4.00, 8.00),
	(561, 187, 36, 5, 3.00, 15.00),
	(562, 188, 39, 1, 8.75, 8.75),
	(563, 188, 113, 3, 4.50, 13.50),
	(564, 188, 28, 3, 3.00, 9.00),
	(565, 189, 87, 4, 10.00, 40.00),
	(566, 189, 47, 3, 8.50, 25.50),
	(567, 189, 36, 3, 3.00, 9.00),
	(568, 190, 2, 3, 4.00, 12.00),
	(569, 190, 24, 4, 3.00, 12.00),
	(570, 190, 77, 4, 7.25, 29.00),
	(571, 191, 82, 4, 3.40, 13.60),
	(572, 191, 5, 3, 4.50, 13.50),
	(573, 191, 85, 3, 5.00, 15.00),
	(574, 192, 5, 4, 4.50, 18.00),
	(575, 192, 69, 3, 10.00, 30.00),
	(576, 192, 2, 2, 4.00, 8.00),
	(577, 193, 77, 3, 7.25, 21.75),
	(578, 193, 41, 2, 3.00, 6.00),
	(579, 193, 65, 1, 5.00, 5.00),
	(580, 194, 23, 3, 5.00, 15.00),
	(581, 194, 62, 1, 22.10, 22.10),
	(582, 194, 20, 2, 8.75, 17.50),
	(583, 195, 35, 1, 5.00, 5.00),
	(584, 195, 17, 4, 5.00, 20.00),
	(585, 195, 77, 4, 7.25, 29.00),
	(586, 196, 14, 3, 6.00, 18.00),
	(587, 196, 90, 4, 13.00, 52.00),
	(588, 196, 28, 1, 3.00, 3.00),
	(589, 197, 52, 5, 5.85, 29.25),
	(590, 197, 65, 1, 5.00, 5.00),
	(591, 197, 62, 1, 22.10, 22.10),
	(592, 198, 69, 3, 10.00, 30.00),
	(593, 198, 93, 3, 3.80, 11.40),
	(594, 198, 85, 2, 5.00, 10.00),
	(595, 199, 95, 4, 3.80, 15.20),
	(596, 199, 47, 1, 8.50, 8.50),
	(597, 199, 111, 4, 3.55, 14.20),
	(598, 200, 20, 4, 8.75, 35.00),
	(599, 200, 82, 1, 3.40, 3.40),
	(600, 200, 97, 1, 3.80, 3.80),
	(601, 201, 71, 3, 9.60, 28.80),
	(602, 201, 36, 2, 3.00, 6.00),
	(603, 201, 10, 5, 5.00, 25.00),
	(604, 202, 63, 1, 22.10, 22.10),
	(605, 202, 84, 1, 5.00, 5.00),
	(606, 202, 71, 1, 9.60, 9.60),
	(607, 203, 90, 4, 13.00, 52.00),
	(608, 203, 84, 3, 5.00, 15.00),
	(609, 203, 28, 4, 3.00, 12.00),
	(610, 204, 14, 1, 6.00, 6.00),
	(611, 204, 69, 1, 10.00, 10.00),
	(612, 204, 60, 4, 22.10, 88.40),
	(613, 205, 40, 5, 5.00, 25.00),
	(614, 205, 42, 2, 5.00, 10.00),
	(615, 205, 52, 5, 5.85, 29.25),
	(616, 206, 20, 3, 8.75, 26.25),
	(617, 206, 71, 5, 9.60, 48.00),
	(618, 206, 111, 5, 3.55, 17.75),
	(619, 207, 78, 3, 9.75, 29.25),
	(620, 207, 53, 2, 8.55, 17.10),
	(621, 207, 48, 2, 14.45, 28.90),
	(622, 208, 2, 2, 4.00, 8.00),
	(623, 208, 85, 3, 5.00, 15.00),
	(624, 208, 93, 5, 3.80, 19.00),
	(625, 209, 46, 4, 11.55, 46.20),
	(626, 209, 62, 2, 22.10, 44.20),
	(627, 209, 43, 5, 8.75, 43.75),
	(628, 210, 17, 5, 5.00, 25.00),
	(629, 210, 53, 4, 8.55, 34.20),
	(630, 210, 48, 5, 14.45, 72.25),
	(631, 211, 69, 2, 10.00, 20.00),
	(632, 211, 28, 4, 3.00, 12.00),
	(633, 211, 53, 2, 8.55, 17.10),
	(634, 212, 24, 4, 3.00, 12.00),
	(635, 212, 52, 1, 5.85, 5.85),
	(636, 212, 77, 4, 7.25, 29.00),
	(637, 213, 77, 1, 7.25, 7.25),
	(638, 213, 78, 5, 9.75, 48.75),
	(639, 213, 69, 5, 10.00, 50.00),
	(640, 214, 62, 1, 22.10, 22.10),
	(641, 214, 52, 4, 5.85, 23.40),
	(642, 214, 53, 5, 8.55, 42.75),
	(643, 215, 62, 1, 22.10, 22.10),
	(644, 215, 77, 5, 7.25, 36.25),
	(645, 215, 23, 5, 5.00, 25.00),
	(646, 216, 43, 5, 8.75, 43.75),
	(647, 216, 65, 4, 5.00, 20.00),
	(648, 216, 90, 4, 13.00, 52.00),
	(649, 217, 40, 4, 5.00, 20.00),
	(650, 217, 5, 3, 4.50, 13.50),
	(651, 217, 65, 1, 5.00, 5.00),
	(652, 218, 14, 4, 6.00, 24.00),
	(653, 218, 46, 4, 11.55, 46.20),
	(654, 218, 28, 5, 3.00, 15.00),
	(655, 219, 93, 1, 3.80, 3.80),
	(656, 219, 10, 1, 5.00, 5.00),
	(657, 219, 47, 3, 8.50, 25.50),
	(658, 220, 63, 1, 22.10, 22.10),
	(659, 220, 24, 4, 3.00, 12.00),
	(660, 220, 69, 4, 10.00, 40.00),
	(661, 221, 17, 5, 5.00, 25.00),
	(662, 221, 95, 2, 3.80, 7.60),
	(663, 221, 36, 1, 3.00, 3.00),
	(664, 222, 82, 5, 3.40, 17.00),
	(665, 222, 48, 1, 14.45, 14.45),
	(666, 222, 24, 1, 3.00, 3.00),
	(667, 223, 20, 2, 8.75, 17.50),
	(668, 223, 36, 2, 3.00, 6.00),
	(669, 223, 65, 5, 5.00, 25.00),
	(670, 224, 84, 4, 5.00, 20.00),
	(671, 224, 53, 3, 8.55, 25.65),
	(672, 224, 52, 4, 5.85, 23.40),
	(673, 225, 65, 4, 5.00, 20.00),
	(674, 225, 41, 5, 3.00, 15.00),
	(675, 225, 63, 1, 22.10, 22.10),
	(676, 226, 97, 2, 3.80, 7.60),
	(677, 226, 39, 2, 8.75, 17.50),
	(678, 226, 5, 3, 4.50, 13.50),
	(679, 227, 113, 1, 4.50, 4.50),
	(680, 227, 52, 5, 5.85, 29.25),
	(681, 227, 78, 3, 9.75, 29.25),
	(682, 228, 5, 3, 4.50, 13.50),
	(683, 228, 3, 1, 0.90, 0.90),
	(684, 228, 84, 2, 5.00, 10.00),
	(685, 229, 23, 4, 5.00, 20.00),
	(686, 229, 87, 5, 10.00, 50.00),
	(687, 229, 53, 4, 8.55, 34.20),
	(688, 230, 69, 1, 10.00, 10.00),
	(689, 230, 21, 3, 3.00, 9.00),
	(690, 230, 2, 2, 4.00, 8.00),
	(691, 231, 14, 3, 6.00, 18.00),
	(692, 231, 69, 1, 10.00, 10.00),
	(693, 231, 5, 5, 4.50, 22.50),
	(694, 232, 84, 5, 5.00, 25.00),
	(695, 232, 10, 3, 5.00, 15.00),
	(696, 232, 28, 2, 3.00, 6.00),
	(697, 233, 69, 4, 10.00, 40.00),
	(698, 233, 52, 1, 5.85, 5.85),
	(699, 233, 17, 5, 5.00, 25.00),
	(700, 234, 65, 2, 5.00, 10.00),
	(701, 234, 41, 4, 3.00, 12.00),
	(702, 234, 3, 4, 0.90, 3.60),
	(703, 235, 82, 5, 3.40, 17.00),
	(704, 235, 42, 5, 5.00, 25.00),
	(705, 235, 71, 1, 9.60, 9.60),
	(706, 236, 24, 1, 3.00, 3.00),
	(707, 236, 39, 2, 8.75, 17.50),
	(708, 236, 69, 3, 10.00, 30.00),
	(709, 237, 77, 3, 7.25, 21.75),
	(710, 237, 43, 3, 8.75, 26.25),
	(711, 237, 3, 1, 0.90, 0.90),
	(712, 238, 40, 5, 5.00, 25.00),
	(713, 238, 85, 2, 5.00, 10.00),
	(714, 238, 87, 5, 10.00, 50.00),
	(715, 239, 84, 4, 5.00, 20.00),
	(716, 239, 36, 1, 3.00, 3.00),
	(717, 239, 24, 4, 3.00, 12.00),
	(718, 240, 5, 1, 4.50, 4.50),
	(719, 240, 95, 1, 3.80, 3.80),
	(720, 240, 93, 4, 3.80, 15.20),
	(721, 241, 36, 5, 3.00, 15.00),
	(722, 241, 17, 3, 5.00, 15.00),
	(723, 241, 97, 2, 3.80, 7.60),
	(724, 242, 5, 2, 4.50, 9.00),
	(725, 242, 65, 3, 5.00, 15.00),
	(726, 242, 52, 3, 5.85, 17.55),
	(727, 243, 111, 4, 3.55, 14.20),
	(728, 243, 23, 4, 5.00, 20.00),
	(729, 243, 47, 1, 8.50, 8.50),
	(730, 244, 3, 3, 0.90, 2.70),
	(731, 244, 95, 4, 3.80, 15.20),
	(732, 244, 77, 2, 7.25, 14.50),
	(733, 245, 5, 3, 4.50, 13.50),
	(734, 245, 34, 4, 5.00, 20.00),
	(735, 245, 53, 4, 8.55, 34.20),
	(736, 246, 111, 5, 3.55, 17.75),
	(737, 246, 36, 4, 3.00, 12.00),
	(738, 246, 17, 1, 5.00, 5.00),
	(739, 247, 14, 4, 6.00, 24.00),
	(740, 247, 97, 2, 3.80, 7.60),
	(741, 247, 78, 1, 9.75, 9.75),
	(742, 248, 21, 3, 3.00, 9.00),
	(743, 248, 24, 4, 3.00, 12.00),
	(744, 248, 87, 1, 10.00, 10.00),
	(745, 249, 52, 4, 5.85, 23.40),
	(746, 249, 41, 5, 3.00, 15.00),
	(747, 249, 95, 2, 3.80, 7.60),
	(748, 250, 28, 4, 3.00, 12.00),
	(749, 250, 36, 5, 3.00, 15.00),
	(750, 250, 24, 4, 3.00, 12.00),
	(751, 251, 41, 4, 3.00, 12.00),
	(752, 251, 10, 3, 5.00, 15.00),
	(753, 251, 85, 1, 5.00, 5.00),
	(754, 252, 71, 1, 9.60, 9.60),
	(755, 252, 97, 3, 3.80, 11.40),
	(756, 252, 52, 2, 5.85, 11.70),
	(757, 253, 77, 2, 7.25, 14.50),
	(758, 253, 3, 3, 0.90, 2.70),
	(759, 253, 2, 3, 4.00, 12.00),
	(760, 254, 34, 1, 5.00, 5.00),
	(761, 254, 5, 4, 4.50, 18.00),
	(762, 254, 62, 1, 22.10, 22.10),
	(763, 255, 5, 4, 4.50, 18.00),
	(764, 255, 53, 1, 8.55, 8.55),
	(765, 255, 113, 4, 4.50, 18.00),
	(766, 256, 71, 5, 9.60, 48.00),
	(767, 256, 28, 1, 3.00, 3.00),
	(768, 256, 87, 5, 10.00, 50.00),
	(769, 257, 97, 1, 3.80, 3.80),
	(770, 257, 17, 3, 5.00, 15.00),
	(771, 257, 20, 3, 8.75, 26.25),
	(772, 258, 43, 4, 8.75, 35.00),
	(773, 258, 62, 1, 22.10, 22.10),
	(774, 258, 65, 2, 5.00, 10.00),
	(775, 259, 17, 3, 5.00, 15.00),
	(776, 259, 113, 1, 4.50, 4.50),
	(777, 259, 23, 4, 5.00, 20.00),
	(778, 260, 3, 4, 0.90, 3.60),
	(779, 260, 71, 3, 9.60, 28.80),
	(780, 260, 41, 2, 3.00, 6.00),
	(781, 261, 48, 2, 14.45, 28.90),
	(782, 261, 23, 2, 5.00, 10.00),
	(783, 261, 10, 2, 5.00, 10.00),
	(784, 262, 84, 5, 5.00, 25.00),
	(785, 262, 42, 2, 5.00, 10.00),
	(786, 262, 82, 3, 3.40, 10.20),
	(787, 263, 84, 5, 5.00, 25.00),
	(788, 263, 93, 3, 3.80, 11.40),
	(789, 263, 65, 3, 5.00, 15.00),
	(790, 264, 24, 1, 3.00, 3.00),
	(791, 264, 28, 4, 3.00, 12.00),
	(792, 264, 71, 1, 9.60, 9.60),
	(793, 265, 2, 4, 4.00, 16.00),
	(794, 265, 93, 4, 3.80, 15.20),
	(795, 265, 85, 1, 5.00, 5.00),
	(796, 266, 85, 4, 5.00, 20.00),
	(797, 266, 39, 3, 8.75, 26.25),
	(798, 266, 97, 1, 3.80, 3.80),
	(799, 267, 2, 1, 4.00, 4.00),
	(800, 267, 3, 1, 0.90, 0.90),
	(801, 267, 35, 2, 5.00, 10.00),
	(802, 268, 35, 4, 5.00, 20.00),
	(803, 268, 71, 3, 9.60, 28.80),
	(804, 268, 10, 3, 5.00, 15.00),
	(805, 269, 2, 3, 4.00, 12.00),
	(806, 269, 36, 3, 3.00, 9.00),
	(807, 269, 47, 4, 8.50, 34.00),
	(808, 270, 47, 3, 8.50, 25.50),
	(809, 270, 53, 1, 8.55, 8.55),
	(810, 270, 40, 1, 5.00, 5.00),
	(811, 271, 84, 1, 5.00, 5.00),
	(812, 271, 43, 1, 8.75, 8.75),
	(813, 271, 47, 4, 8.50, 34.00),
	(814, 272, 24, 5, 3.00, 15.00),
	(815, 272, 82, 3, 3.40, 10.20),
	(816, 272, 41, 4, 3.00, 12.00),
	(817, 273, 36, 1, 3.00, 3.00),
	(818, 273, 85, 1, 5.00, 5.00),
	(819, 273, 111, 1, 3.55, 3.55),
	(820, 274, 5, 5, 4.50, 22.50),
	(821, 274, 82, 2, 3.40, 6.80),
	(822, 274, 40, 4, 5.00, 20.00),
	(823, 275, 53, 3, 8.55, 25.65),
	(824, 275, 40, 1, 5.00, 5.00),
	(825, 275, 42, 5, 5.00, 25.00),
	(826, 276, 3, 1, 0.90, 0.90),
	(827, 276, 34, 1, 5.00, 5.00),
	(828, 276, 20, 5, 8.75, 43.75),
	(829, 277, 77, 5, 7.25, 36.25),
	(830, 277, 20, 2, 8.75, 17.50),
	(831, 277, 3, 5, 0.90, 4.50),
	(832, 278, 71, 5, 9.60, 48.00),
	(833, 278, 28, 5, 3.00, 15.00),
	(834, 278, 82, 4, 3.40, 13.60),
	(835, 279, 36, 2, 3.00, 6.00),
	(836, 279, 82, 3, 3.40, 10.20),
	(837, 279, 41, 2, 3.00, 6.00),
	(838, 280, 36, 5, 3.00, 15.00),
	(839, 280, 71, 3, 9.60, 28.80),
	(840, 280, 87, 1, 10.00, 10.00),
	(841, 281, 21, 5, 3.00, 15.00),
	(842, 281, 82, 3, 3.40, 10.20),
	(843, 281, 34, 4, 5.00, 20.00),
	(844, 282, 24, 4, 3.00, 12.00),
	(845, 282, 52, 5, 5.85, 29.25),
	(846, 282, 35, 4, 5.00, 20.00),
	(847, 283, 60, 5, 22.10, 110.50),
	(848, 283, 28, 2, 3.00, 6.00),
	(849, 283, 10, 5, 5.00, 25.00),
	(850, 284, 20, 1, 8.75, 8.75),
	(851, 284, 2, 3, 4.00, 12.00),
	(852, 284, 71, 3, 9.60, 28.80),
	(853, 285, 78, 5, 9.75, 48.75),
	(854, 285, 113, 1, 4.50, 4.50),
	(855, 285, 34, 1, 5.00, 5.00),
	(856, 286, 21, 3, 3.00, 9.00),
	(857, 286, 35, 2, 5.00, 10.00),
	(858, 286, 93, 1, 3.80, 3.80),
	(859, 287, 47, 5, 8.50, 42.50),
	(860, 287, 36, 2, 3.00, 6.00),
	(861, 287, 84, 3, 5.00, 15.00),
	(862, 288, 85, 5, 5.00, 25.00),
	(863, 288, 10, 3, 5.00, 15.00),
	(864, 288, 47, 2, 8.50, 17.00),
	(865, 289, 113, 2, 4.50, 9.00),
	(866, 289, 82, 1, 3.40, 3.40),
	(867, 289, 5, 4, 4.50, 18.00),
	(868, 290, 14, 5, 6.00, 30.00),
	(869, 290, 10, 4, 5.00, 20.00),
	(870, 290, 28, 1, 3.00, 3.00),
	(871, 291, 20, 1, 8.75, 8.75),
	(872, 291, 28, 5, 3.00, 15.00),
	(873, 291, 77, 5, 7.25, 36.25),
	(874, 292, 35, 2, 5.00, 10.00),
	(875, 292, 87, 3, 10.00, 30.00),
	(876, 292, 39, 4, 8.75, 35.00),
	(877, 293, 65, 1, 5.00, 5.00),
	(878, 293, 82, 1, 3.40, 3.40),
	(879, 293, 5, 2, 4.50, 9.00),
	(880, 294, 36, 2, 3.00, 6.00),
	(881, 294, 21, 5, 3.00, 15.00),
	(882, 294, 77, 3, 7.25, 21.75),
	(883, 295, 17, 4, 5.00, 20.00),
	(884, 295, 60, 2, 22.10, 44.20),
	(885, 295, 85, 2, 5.00, 10.00),
	(886, 296, 21, 5, 3.00, 15.00),
	(887, 296, 39, 2, 8.75, 17.50),
	(888, 296, 17, 3, 5.00, 15.00),
	(889, 297, 17, 4, 5.00, 20.00),
	(890, 297, 24, 1, 3.00, 3.00),
	(891, 297, 3, 3, 0.90, 2.70),
	(892, 298, 42, 3, 5.00, 15.00),
	(893, 298, 40, 5, 5.00, 25.00),
	(894, 298, 43, 2, 8.75, 17.50),
	(895, 299, 71, 2, 9.60, 19.20),
	(896, 299, 65, 5, 5.00, 25.00),
	(897, 299, 14, 3, 6.00, 18.00),
	(898, 300, 10, 3, 5.00, 15.00),
	(899, 300, 53, 3, 8.55, 25.65),
	(900, 300, 87, 2, 10.00, 20.00),
	(901, 301, 14, 2, 6.00, 12.00),
	(902, 301, 84, 3, 5.00, 15.00),
	(903, 301, 39, 3, 8.75, 26.25),
	(904, 302, 10, 3, 5.00, 15.00),
	(905, 302, 28, 4, 3.00, 12.00),
	(906, 302, 17, 4, 5.00, 20.00),
	(907, 303, 43, 4, 8.75, 35.00),
	(908, 303, 87, 5, 10.00, 50.00),
	(909, 303, 20, 4, 8.75, 35.00),
	(910, 304, 41, 2, 3.00, 6.00),
	(911, 304, 36, 5, 3.00, 15.00),
	(912, 304, 113, 2, 4.50, 9.00),
	(913, 305, 35, 4, 5.00, 20.00),
	(914, 305, 5, 3, 4.50, 13.50),
	(915, 305, 52, 2, 5.85, 11.70),
	(916, 306, 53, 2, 8.55, 17.10),
	(917, 306, 84, 5, 5.00, 25.00),
	(918, 306, 39, 5, 8.75, 43.75),
	(919, 307, 85, 1, 5.00, 5.00),
	(920, 307, 43, 1, 8.75, 8.75),
	(921, 307, 42, 1, 5.00, 5.00),
	(922, 308, 39, 3, 8.75, 26.25),
	(923, 308, 5, 1, 4.50, 4.50),
	(924, 308, 36, 5, 3.00, 15.00),
	(925, 309, 39, 1, 8.75, 8.75),
	(926, 309, 20, 3, 8.75, 26.25),
	(927, 309, 85, 4, 5.00, 20.00),
	(928, 310, 24, 2, 3.00, 6.00),
	(929, 310, 71, 4, 9.60, 38.40),
	(930, 310, 5, 1, 4.50, 4.50),
	(931, 311, 10, 5, 5.00, 25.00),
	(932, 311, 41, 3, 3.00, 9.00),
	(933, 311, 65, 4, 5.00, 20.00),
	(934, 312, 113, 5, 4.50, 22.50),
	(935, 312, 34, 1, 5.00, 5.00),
	(936, 312, 82, 2, 3.40, 6.80),
	(937, 313, 20, 4, 8.75, 35.00),
	(938, 313, 52, 4, 5.85, 23.40),
	(939, 313, 87, 2, 10.00, 20.00),
	(940, 314, 28, 1, 3.00, 3.00),
	(941, 314, 14, 1, 6.00, 6.00),
	(942, 314, 111, 3, 3.55, 10.65),
	(943, 315, 77, 1, 7.25, 7.25),
	(944, 315, 24, 2, 3.00, 6.00),
	(945, 315, 85, 5, 5.00, 25.00),
	(946, 316, 111, 4, 3.55, 14.20),
	(947, 316, 85, 1, 5.00, 5.00),
	(948, 316, 53, 3, 8.55, 25.65),
	(949, 317, 71, 1, 9.60, 9.60),
	(950, 317, 111, 5, 3.55, 17.75),
	(951, 317, 85, 4, 5.00, 20.00),
	(952, 318, 3, 5, 0.90, 4.50),
	(953, 318, 24, 4, 3.00, 12.00),
	(954, 318, 42, 4, 5.00, 20.00),
	(955, 319, 24, 5, 3.00, 15.00),
	(956, 319, 52, 1, 5.85, 5.85),
	(957, 319, 111, 4, 3.55, 14.20),
	(958, 320, 78, 1, 9.75, 9.75),
	(959, 320, 52, 4, 5.85, 23.40),
	(960, 320, 3, 3, 0.90, 2.70),
	(961, 321, 42, 1, 5.00, 5.00),
	(962, 321, 20, 5, 8.75, 43.75),
	(963, 321, 77, 2, 7.25, 14.50),
	(964, 322, 35, 5, 5.00, 25.00),
	(965, 322, 82, 2, 3.40, 6.80),
	(966, 322, 87, 1, 10.00, 10.00),
	(967, 323, 20, 4, 8.75, 35.00),
	(968, 323, 113, 1, 4.50, 4.50),
	(969, 323, 85, 1, 5.00, 5.00),
	(970, 324, 21, 2, 3.00, 6.00),
	(971, 324, 65, 4, 5.00, 20.00),
	(972, 324, 17, 1, 5.00, 5.00),
	(973, 325, 14, 1, 6.00, 6.00),
	(974, 325, 53, 1, 8.55, 8.55),
	(975, 325, 82, 1, 3.40, 3.40),
	(976, 326, 87, 5, 10.00, 50.00),
	(977, 326, 82, 2, 3.40, 6.80),
	(978, 326, 78, 1, 9.75, 9.75),
	(979, 327, 5, 5, 4.50, 22.50),
	(980, 327, 87, 2, 10.00, 20.00),
	(981, 327, 65, 5, 5.00, 25.00),
	(982, 328, 24, 4, 3.00, 12.00),
	(983, 328, 43, 5, 8.75, 43.75),
	(984, 328, 84, 1, 5.00, 5.00),
	(985, 329, 3, 4, 0.90, 3.60),
	(986, 329, 85, 4, 5.00, 20.00),
	(987, 329, 52, 1, 5.85, 5.85),
	(988, 330, 41, 2, 3.00, 6.00),
	(989, 330, 43, 3, 8.75, 26.25),
	(990, 330, 28, 4, 3.00, 12.00),
	(991, 331, 17, 2, 5.00, 10.00),
	(992, 331, 113, 4, 4.50, 18.00),
	(993, 331, 34, 5, 5.00, 25.00),
	(994, 332, 113, 3, 4.50, 13.50),
	(995, 332, 35, 3, 5.00, 15.00),
	(996, 332, 87, 2, 10.00, 20.00),
	(997, 333, 20, 4, 8.75, 35.00),
	(998, 333, 65, 1, 5.00, 5.00),
	(999, 333, 78, 1, 9.75, 9.75),
	(1000, 334, 36, 1, 3.00, 3.00),
	(1001, 334, 24, 2, 3.00, 6.00),
	(1002, 334, 14, 2, 6.00, 12.00),
	(1003, 335, 10, 1, 5.00, 5.00),
	(1004, 335, 3, 5, 0.90, 4.50),
	(1005, 335, 53, 1, 8.55, 8.55),
	(1006, 336, 41, 1, 3.00, 3.00),
	(1007, 336, 10, 1, 5.00, 5.00),
	(1008, 336, 39, 1, 8.75, 8.75),
	(1009, 337, 5, 5, 4.50, 22.50),
	(1010, 337, 82, 4, 3.40, 13.60),
	(1011, 337, 78, 4, 9.75, 39.00),
	(1012, 338, 24, 4, 3.00, 12.00),
	(1013, 338, 78, 2, 9.75, 19.50),
	(1014, 338, 85, 5, 5.00, 25.00),
	(1015, 339, 24, 5, 3.00, 15.00),
	(1016, 339, 35, 1, 5.00, 5.00),
	(1017, 339, 77, 5, 7.25, 36.25),
	(1018, 340, 10, 5, 5.00, 25.00),
	(1019, 340, 43, 1, 8.75, 8.75),
	(1020, 340, 21, 1, 3.00, 3.00),
	(1021, 341, 39, 4, 8.75, 35.00),
	(1022, 341, 77, 5, 7.25, 36.25),
	(1023, 341, 42, 4, 5.00, 20.00),
	(1024, 342, 111, 1, 3.55, 3.55),
	(1025, 342, 20, 1, 8.75, 8.75),
	(1026, 342, 5, 4, 4.50, 18.00),
	(1027, 343, 14, 5, 6.00, 30.00),
	(1028, 343, 28, 3, 3.00, 9.00),
	(1029, 343, 42, 1, 5.00, 5.00),
	(1030, 344, 77, 3, 7.25, 21.75),
	(1031, 344, 28, 3, 3.00, 9.00),
	(1032, 344, 43, 5, 8.75, 43.75),
	(1033, 345, 3, 3, 0.90, 2.70),
	(1034, 345, 21, 5, 3.00, 15.00),
	(1035, 345, 20, 3, 8.75, 26.25),
	(1036, 346, 65, 1, 5.00, 5.00),
	(1037, 346, 82, 1, 3.40, 3.40),
	(1038, 346, 111, 4, 3.55, 14.20),
	(1039, 347, 20, 2, 8.75, 17.50),
	(1040, 347, 5, 5, 4.50, 22.50),
	(1041, 347, 43, 1, 8.75, 8.75),
	(1042, 348, 111, 1, 3.55, 3.55),
	(1043, 348, 5, 3, 4.50, 13.50),
	(1044, 348, 82, 1, 3.40, 3.40),
	(1045, 349, 111, 1, 3.55, 3.55),
	(1046, 349, 52, 4, 5.85, 23.40),
	(1047, 349, 14, 3, 6.00, 18.00),
	(1048, 350, 36, 3, 3.00, 9.00),
	(1049, 350, 24, 1, 3.00, 3.00),
	(1050, 350, 28, 5, 3.00, 15.00),
	(1051, 351, 78, 3, 9.75, 29.25),
	(1052, 351, 82, 4, 3.40, 13.60),
	(1053, 351, 20, 4, 8.75, 35.00),
	(1054, 352, 36, 3, 3.00, 9.00),
	(1055, 352, 35, 4, 5.00, 20.00),
	(1056, 352, 78, 5, 9.75, 48.75),
	(1057, 353, 36, 4, 3.00, 12.00),
	(1058, 353, 24, 3, 3.00, 9.00),
	(1059, 353, 5, 4, 4.50, 18.00),
	(1060, 354, 34, 5, 5.00, 25.00),
	(1061, 354, 20, 1, 8.75, 8.75),
	(1062, 354, 21, 1, 3.00, 3.00),
	(1063, 355, 5, 5, 4.50, 22.50),
	(1064, 355, 65, 1, 5.00, 5.00),
	(1065, 355, 10, 1, 5.00, 5.00),
	(1066, 356, 111, 1, 3.55, 3.55),
	(1067, 356, 3, 2, 0.90, 1.80),
	(1068, 356, 17, 4, 5.00, 20.00),
	(1069, 357, 82, 5, 3.40, 17.00),
	(1070, 357, 34, 4, 5.00, 20.00),
	(1071, 357, 36, 3, 3.00, 9.00),
	(1072, 358, 84, 5, 5.00, 25.00),
	(1073, 358, 113, 1, 4.50, 4.50),
	(1074, 358, 10, 3, 5.00, 15.00),
	(1075, 359, 82, 1, 3.40, 3.40),
	(1076, 359, 10, 5, 5.00, 25.00),
	(1077, 359, 87, 2, 10.00, 20.00),
	(1078, 360, 10, 5, 5.00, 25.00),
	(1079, 360, 21, 2, 3.00, 6.00),
	(1080, 360, 39, 5, 8.75, 43.75),
	(1081, 361, 41, 4, 3.00, 12.00),
	(1082, 361, 28, 3, 3.00, 9.00),
	(1083, 361, 3, 5, 0.90, 4.50),
	(1084, 362, 85, 2, 5.00, 10.00),
	(1085, 362, 3, 1, 0.90, 0.90),
	(1086, 362, 14, 5, 6.00, 30.00),
	(1087, 363, 85, 5, 5.00, 25.00),
	(1088, 363, 52, 1, 5.85, 5.85),
	(1089, 363, 41, 1, 3.00, 3.00),
	(1090, 364, 65, 4, 5.00, 20.00),
	(1091, 364, 52, 5, 5.85, 29.25),
	(1092, 364, 35, 4, 5.00, 20.00),
	(1093, 365, 87, 2, 10.00, 20.00),
	(1094, 365, 21, 4, 3.00, 12.00),
	(1095, 365, 3, 5, 0.90, 4.50),
	(1096, 366, 17, 4, 5.00, 20.00),
	(1097, 366, 36, 4, 3.00, 12.00),
	(1098, 366, 28, 2, 3.00, 6.00),
	(1099, 367, 24, 3, 3.00, 9.00),
	(1100, 367, 42, 1, 5.00, 5.00),
	(1101, 367, 111, 4, 3.55, 14.20),
	(1102, 368, 34, 1, 5.00, 5.00),
	(1103, 368, 43, 1, 8.75, 8.75),
	(1104, 368, 14, 4, 6.00, 24.00),
	(1105, 369, 34, 3, 5.00, 15.00),
	(1106, 369, 65, 5, 5.00, 25.00),
	(1107, 369, 21, 2, 3.00, 6.00),
	(1108, 370, 35, 1, 5.00, 5.00),
	(1109, 370, 3, 4, 0.90, 3.60),
	(1110, 370, 82, 4, 3.40, 13.60),
	(1111, 371, 10, 3, 5.00, 15.00),
	(1112, 371, 14, 1, 6.00, 6.00),
	(1113, 371, 34, 4, 5.00, 20.00),
	(1114, 372, 85, 1, 5.00, 5.00),
	(1115, 372, 35, 2, 5.00, 10.00),
	(1116, 372, 24, 2, 3.00, 6.00),
	(1117, 373, 24, 4, 3.00, 12.00),
	(1118, 373, 14, 2, 6.00, 12.00),
	(1119, 373, 39, 3, 8.75, 26.25),
	(1120, 374, 85, 3, 5.00, 15.00),
	(1121, 374, 14, 4, 6.00, 24.00),
	(1122, 374, 65, 4, 5.00, 20.00),
	(1123, 375, 111, 3, 3.55, 10.65),
	(1124, 375, 113, 2, 4.50, 9.00),
	(1125, 375, 5, 3, 4.50, 13.50),
	(1126, 376, 3, 2, 0.90, 1.80),
	(1127, 376, 42, 1, 5.00, 5.00),
	(1128, 376, 17, 2, 5.00, 10.00),
	(1129, 377, 85, 4, 5.00, 20.00),
	(1130, 377, 87, 4, 10.00, 40.00),
	(1131, 377, 10, 2, 5.00, 10.00),
	(1132, 378, 84, 5, 5.00, 25.00),
	(1133, 378, 24, 4, 3.00, 12.00),
	(1134, 378, 36, 3, 3.00, 9.00),
	(1135, 379, 10, 4, 5.00, 20.00),
	(1136, 379, 111, 5, 3.55, 17.75),
	(1137, 379, 52, 2, 5.85, 11.70),
	(1138, 380, 35, 4, 5.00, 20.00),
	(1139, 380, 65, 2, 5.00, 10.00),
	(1140, 380, 5, 2, 4.50, 9.00),
	(1141, 381, 17, 4, 5.00, 20.00),
	(1142, 381, 85, 1, 5.00, 5.00),
	(1143, 381, 43, 2, 8.75, 17.50),
	(1144, 382, 28, 4, 3.00, 12.00),
	(1145, 382, 113, 2, 4.50, 9.00),
	(1146, 382, 65, 4, 5.00, 20.00),
	(1147, 383, 10, 2, 5.00, 10.00),
	(1148, 383, 5, 2, 4.50, 9.00),
	(1149, 383, 39, 1, 8.75, 8.75),
	(1150, 384, 84, 2, 5.00, 10.00),
	(1151, 384, 5, 5, 4.50, 22.50),
	(1152, 384, 82, 3, 3.40, 10.20),
	(1153, 385, 24, 4, 3.00, 12.00),
	(1154, 385, 39, 5, 8.75, 43.75),
	(1155, 385, 85, 1, 5.00, 5.00),
	(1156, 386, 36, 3, 3.00, 9.00),
	(1157, 386, 113, 3, 4.50, 13.50),
	(1158, 386, 111, 2, 3.55, 7.10),
	(1159, 387, 65, 4, 5.00, 20.00),
	(1160, 387, 24, 4, 3.00, 12.00),
	(1161, 387, 3, 5, 0.90, 4.50),
	(1162, 388, 10, 2, 5.00, 10.00),
	(1163, 388, 14, 4, 6.00, 24.00),
	(1164, 388, 52, 3, 5.85, 17.55),
	(1165, 389, 84, 2, 5.00, 10.00),
	(1166, 389, 111, 4, 3.55, 14.20),
	(1167, 389, 39, 4, 8.75, 35.00),
	(1168, 390, 35, 3, 5.00, 15.00),
	(1169, 390, 21, 4, 3.00, 12.00),
	(1170, 390, 36, 1, 3.00, 3.00),
	(1171, 391, 14, 1, 6.00, 6.00),
	(1172, 391, 34, 1, 5.00, 5.00),
	(1173, 391, 21, 2, 3.00, 6.00),
	(1174, 392, 36, 1, 3.00, 3.00),
	(1175, 392, 82, 1, 3.40, 3.40),
	(1176, 392, 39, 2, 8.75, 17.50),
	(1177, 393, 65, 2, 5.00, 10.00),
	(1178, 393, 85, 3, 5.00, 15.00),
	(1179, 393, 14, 5, 6.00, 30.00),
	(1180, 394, 14, 4, 6.00, 24.00),
	(1181, 394, 5, 2, 4.50, 9.00),
	(1182, 394, 42, 5, 5.00, 25.00),
	(1183, 395, 39, 3, 8.75, 26.25),
	(1184, 395, 42, 4, 5.00, 20.00),
	(1185, 395, 82, 2, 3.40, 6.80),
	(1186, 396, 14, 1, 6.00, 6.00),
	(1187, 396, 5, 1, 4.50, 4.50),
	(1188, 396, 17, 1, 5.00, 5.00),
	(1189, 397, 41, 4, 3.00, 12.00),
	(1190, 397, 111, 4, 3.55, 14.20),
	(1191, 397, 28, 5, 3.00, 15.00),
	(1192, 398, 84, 3, 5.00, 15.00),
	(1193, 398, 24, 2, 3.00, 6.00),
	(1194, 398, 10, 5, 5.00, 25.00),
	(1195, 399, 34, 4, 5.00, 20.00),
	(1196, 399, 52, 3, 5.85, 17.55),
	(1197, 399, 24, 2, 3.00, 6.00),
	(1198, 400, 39, 5, 8.75, 43.75),
	(1199, 400, 113, 2, 4.50, 9.00),
	(1200, 400, 41, 5, 3.00, 15.00),
	(1201, 401, 82, 2, 3.40, 6.80),
	(1202, 401, 21, 2, 3.00, 6.00),
	(1203, 401, 24, 3, 3.00, 9.00),
	(1204, 402, 84, 4, 5.00, 20.00),
	(1205, 402, 3, 3, 0.90, 2.70),
	(1206, 402, 111, 2, 3.55, 7.10),
	(1207, 403, 10, 2, 5.00, 10.00),
	(1208, 403, 85, 2, 5.00, 10.00),
	(1209, 403, 3, 5, 0.90, 4.50),
	(1210, 404, 41, 2, 3.00, 6.00),
	(1211, 404, 111, 2, 3.55, 7.10),
	(1212, 404, 3, 4, 0.90, 3.60),
	(1213, 405, 39, 4, 8.75, 35.00),
	(1214, 405, 14, 2, 6.00, 12.00),
	(1215, 405, 41, 1, 3.00, 3.00),
	(1216, 406, 14, 4, 6.00, 24.00),
	(1217, 406, 34, 3, 5.00, 15.00),
	(1218, 406, 3, 1, 0.90, 0.90),
	(1219, 407, 52, 1, 5.85, 5.85),
	(1220, 407, 111, 4, 3.55, 14.20),
	(1221, 407, 84, 1, 5.00, 5.00),
	(1222, 408, 87, 4, 10.00, 40.00),
	(1223, 408, 84, 3, 5.00, 15.00),
	(1224, 408, 85, 4, 5.00, 20.00),
	(1225, 409, 5, 3, 4.50, 13.50),
	(1226, 409, 14, 1, 6.00, 6.00),
	(1227, 409, 65, 3, 5.00, 15.00),
	(1228, 410, 17, 4, 5.00, 20.00),
	(1229, 410, 65, 2, 5.00, 10.00),
	(1230, 410, 84, 2, 5.00, 10.00),
	(1231, 411, 34, 5, 5.00, 25.00),
	(1232, 411, 41, 3, 3.00, 9.00),
	(1233, 411, 21, 3, 3.00, 9.00),
	(1234, 412, 3, 2, 0.90, 1.80),
	(1235, 412, 84, 1, 5.00, 5.00),
	(1236, 412, 5, 5, 4.50, 22.50),
	(1237, 413, 85, 5, 5.00, 25.00),
	(1238, 413, 14, 4, 6.00, 24.00),
	(1239, 413, 28, 5, 3.00, 15.00),
	(1240, 414, 84, 3, 5.00, 15.00),
	(1241, 414, 21, 3, 3.00, 9.00),
	(1242, 414, 82, 4, 3.40, 13.60),
	(1243, 415, 52, 5, 5.85, 29.25),
	(1244, 415, 5, 4, 4.50, 18.00),
	(1245, 415, 36, 1, 3.00, 3.00),
	(1246, 416, 36, 2, 3.00, 6.00),
	(1247, 416, 111, 4, 3.55, 14.20),
	(1248, 416, 113, 4, 4.50, 18.00),
	(1249, 417, 87, 1, 10.00, 10.00),
	(1250, 417, 14, 1, 6.00, 6.00),
	(1251, 417, 113, 5, 4.50, 22.50),
	(1252, 418, 113, 5, 4.50, 22.50),
	(1253, 418, 65, 1, 5.00, 5.00),
	(1254, 418, 34, 1, 5.00, 5.00),
	(1255, 419, 21, 3, 3.00, 9.00),
	(1256, 419, 24, 2, 3.00, 6.00),
	(1257, 419, 113, 3, 4.50, 13.50),
	(1258, 420, 17, 4, 5.00, 20.00),
	(1259, 420, 24, 2, 3.00, 6.00),
	(1260, 420, 21, 5, 3.00, 15.00),
	(1261, 421, 28, 2, 3.00, 6.00),
	(1262, 421, 84, 4, 5.00, 20.00),
	(1263, 421, 10, 2, 5.00, 10.00),
	(1264, 422, 5, 3, 4.50, 13.50),
	(1265, 422, 111, 2, 3.55, 7.10),
	(1266, 422, 24, 5, 3.00, 15.00),
	(1267, 423, 65, 5, 5.00, 25.00),
	(1268, 423, 28, 5, 3.00, 15.00),
	(1269, 423, 5, 4, 4.50, 18.00),
	(1270, 424, 42, 1, 5.00, 5.00),
	(1271, 424, 14, 5, 6.00, 30.00),
	(1272, 424, 3, 3, 0.90, 2.70),
	(1273, 425, 17, 1, 5.00, 5.00),
	(1274, 425, 82, 4, 3.40, 13.60),
	(1275, 425, 84, 2, 5.00, 10.00),
	(1276, 426, 17, 1, 5.00, 5.00),
	(1277, 426, 10, 1, 5.00, 5.00),
	(1278, 426, 87, 5, 10.00, 50.00),
	(1279, 427, 5, 1, 4.50, 4.50),
	(1280, 427, 84, 1, 5.00, 5.00),
	(1281, 427, 21, 1, 3.00, 3.00),
	(1282, 428, 39, 5, 8.75, 43.75),
	(1283, 428, 84, 1, 5.00, 5.00),
	(1284, 428, 3, 1, 0.90, 0.90),
	(1285, 429, 14, 2, 6.00, 12.00),
	(1286, 429, 84, 1, 5.00, 5.00),
	(1287, 429, 65, 4, 5.00, 20.00),
	(1288, 430, 10, 1, 5.00, 5.00),
	(1289, 430, 17, 1, 5.00, 5.00),
	(1290, 430, 111, 3, 3.55, 10.65),
	(1291, 431, 65, 3, 5.00, 15.00),
	(1292, 431, 42, 3, 5.00, 15.00),
	(1293, 431, 28, 1, 3.00, 3.00),
	(1294, 432, 21, 1, 3.00, 3.00),
	(1295, 432, 5, 1, 4.50, 4.50),
	(1296, 432, 36, 5, 3.00, 15.00),
	(1297, 433, 36, 3, 3.00, 9.00),
	(1298, 433, 28, 2, 3.00, 6.00),
	(1299, 433, 39, 1, 8.75, 8.75),
	(1300, 434, 17, 5, 5.00, 25.00),
	(1301, 434, 34, 4, 5.00, 20.00),
	(1302, 434, 5, 5, 4.50, 22.50),
	(1303, 435, 82, 1, 3.40, 3.40),
	(1304, 435, 3, 2, 0.90, 1.80),
	(1305, 435, 39, 1, 8.75, 8.75),
	(1306, 436, 39, 2, 8.75, 17.50),
	(1307, 436, 17, 1, 5.00, 5.00),
	(1308, 436, 3, 1, 0.90, 0.90),
	(1309, 437, 65, 3, 5.00, 15.00),
	(1310, 437, 111, 3, 3.55, 10.65),
	(1311, 437, 17, 3, 5.00, 15.00),
	(1312, 438, 21, 2, 3.00, 6.00),
	(1313, 438, 42, 1, 5.00, 5.00),
	(1314, 438, 82, 2, 3.40, 6.80),
	(1315, 439, 3, 5, 0.90, 4.50),
	(1316, 439, 36, 1, 3.00, 3.00),
	(1317, 439, 10, 3, 5.00, 15.00),
	(1318, 440, 87, 2, 10.00, 20.00),
	(1319, 440, 21, 5, 3.00, 15.00),
	(1320, 440, 84, 5, 5.00, 25.00),
	(1321, 1, 3, 397, 0.90, 357.30),
	(1322, 2, 3, 268, 0.90, 241.20),
	(1323, 3, 3, 58, 0.90, 52.20),
	(1324, 4, 3, 192, 0.90, 172.80),
	(1325, 5, 3, 36, 0.90, 32.40),
	(1326, 7, 3, 38, 0.90, 34.20),
	(1327, 8, 3, 85, 0.90, 76.50),
	(1328, 9, 3, 49, 0.90, 44.10),
	(1329, 11, 3, 32, 0.90, 28.80),
	(1330, 12, 3, 37, 0.90, 33.30),
	(1331, 13, 3, 39, 0.90, 35.10),
	(1332, 14, 3, 40, 0.90, 36.00),
	(1333, 15, 3, 27, 0.90, 24.30),
	(1334, 16, 3, 9, 0.90, 8.10),
	(1335, 17, 3, 11, 0.90, 9.90),
	(1336, 18, 3, 2, 0.90, 1.80),
	(1337, 19, 3, 13, 0.90, 11.70),
	(1338, 20, 3, 6, 0.90, 5.40),
	(1339, 21, 3, 6, 0.90, 5.40),
	(1340, 22, 3, 5, 0.90, 4.50),
	(1341, 23, 3, 2, 0.90, 1.80),
	(1342, 24, 3, 2, 0.90, 1.80),
	(1343, 25, 3, 1, 0.90, 0.90),
	(1344, 26, 3, 1, 0.90, 0.90),
	(1345, 27, 3, 1, 0.90, 0.90),
	(1346, 28, 3, 1, 0.90, 0.90),
	(1347, 29, 3, 1, 0.90, 0.90),
	(1348, 30, 3, 1, 0.90, 0.90),
	(1349, 31, 5, 20, 4.50, 90.00),
	(1350, 32, 5, 114, 4.50, 513.00),
	(1351, 33, 5, 55, 4.50, 247.50),
	(1352, 34, 5, 118, 4.50, 531.00),
	(1353, 35, 5, 1, 4.50, 4.50),
	(1354, 36, 5, 77, 4.50, 346.50),
	(1355, 37, 5, 24, 4.50, 108.00),
	(1356, 38, 5, 33, 4.50, 148.50),
	(1357, 39, 5, 12, 4.50, 54.00),
	(1358, 40, 5, 24, 4.50, 108.00),
	(1359, 41, 5, 11, 4.50, 49.50),
	(1360, 42, 5, 10, 4.50, 45.00),
	(1361, 43, 5, 14, 4.50, 63.00),
	(1362, 44, 5, 3, 4.50, 13.50),
	(1363, 45, 5, 2, 4.50, 9.00),
	(1364, 46, 5, 3, 4.50, 13.50),
	(1365, 47, 5, 2, 4.50, 9.00),
	(1366, 48, 5, 7, 4.50, 31.50),
	(1367, 49, 5, 2, 4.50, 9.00),
	(1368, 50, 5, 1, 4.50, 4.50),
	(1369, 51, 5, 3, 4.50, 13.50),
	(1370, 53, 5, 1, 4.50, 4.50),
	(1371, 54, 5, 2, 4.50, 9.00),
	(1372, 55, 5, 2, 4.50, 9.00),
	(1373, 56, 5, 1, 4.50, 4.50),
	(1374, 57, 5, 1, 4.50, 4.50),
	(1375, 58, 5, 1, 4.50, 4.50),
	(1376, 59, 5, 1, 4.50, 4.50),
	(1377, 60, 10, 85, 5.00, 425.00),
	(1378, 61, 10, 88, 5.00, 440.00),
	(1379, 62, 10, 61, 5.00, 305.00),
	(1380, 63, 10, 43, 5.00, 215.00),
	(1381, 64, 10, 28, 5.00, 140.00),
	(1382, 65, 10, 4, 5.00, 20.00),
	(1383, 66, 10, 14, 5.00, 70.00),
	(1384, 67, 10, 13, 5.00, 65.00),
	(1385, 68, 10, 6, 5.00, 30.00),
	(1386, 69, 10, 5, 5.00, 25.00),
	(1387, 70, 10, 3, 5.00, 15.00),
	(1388, 71, 10, 3, 5.00, 15.00),
	(1389, 72, 10, 1, 5.00, 5.00),
	(1390, 73, 10, 2, 5.00, 10.00),
	(1391, 74, 10, 2, 5.00, 10.00),
	(1392, 75, 10, 2, 5.00, 10.00),
	(1393, 76, 10, 1, 5.00, 5.00),
	(1394, 77, 10, 1, 5.00, 5.00),
	(1395, 78, 10, 1, 5.00, 5.00),
	(1396, 79, 10, 1, 5.00, 5.00),
	(1397, 80, 14, 105, 6.00, 630.00),
	(1398, 81, 14, 88, 6.00, 528.00),
	(1399, 82, 14, 60, 6.00, 360.00),
	(1400, 83, 14, 20, 6.00, 120.00),
	(1401, 84, 14, 20, 6.00, 120.00),
	(1402, 85, 14, 40, 6.00, 240.00),
	(1403, 86, 14, 42, 6.00, 252.00),
	(1404, 87, 14, 28, 6.00, 168.00),
	(1405, 88, 14, 21, 6.00, 126.00),
	(1406, 89, 14, 6, 6.00, 36.00),
	(1407, 90, 14, 7, 6.00, 42.00),
	(1408, 91, 14, 11, 6.00, 66.00),
	(1409, 92, 14, 6, 6.00, 36.00),
	(1410, 94, 14, 3, 6.00, 18.00),
	(1411, 95, 14, 1, 6.00, 6.00),
	(1412, 96, 14, 1, 6.00, 6.00),
	(1413, 97, 14, 1, 6.00, 6.00),
	(1414, 98, 14, 2, 6.00, 12.00),
	(1415, 99, 14, 1, 6.00, 6.00),
	(1416, 100, 14, 1, 6.00, 6.00),
	(1417, 101, 14, 1, 6.00, 6.00),
	(1418, 102, 14, 2, 6.00, 12.00),
	(1419, 103, 14, 1, 6.00, 6.00),
	(1420, 104, 14, 1, 6.00, 6.00),
	(1421, 105, 14, 1, 6.00, 6.00),
	(1422, 106, 14, 1, 6.00, 6.00),
	(1423, 107, 17, 7, 5.00, 35.00),
	(1424, 108, 17, 2, 5.00, 10.00),
	(1425, 109, 17, 2, 5.00, 10.00),
	(1426, 110, 17, 6, 5.00, 30.00),
	(1427, 111, 17, 29, 5.00, 145.00),
	(1428, 112, 17, 12, 5.00, 60.00),
	(1429, 113, 17, 6, 5.00, 30.00),
	(1430, 114, 17, 8, 5.00, 40.00),
	(1431, 115, 17, 2, 5.00, 10.00),
	(1432, 116, 17, 14, 5.00, 70.00),
	(1433, 117, 17, 9, 5.00, 45.00),
	(1434, 118, 17, 1, 5.00, 5.00),
	(1435, 119, 17, 2, 5.00, 10.00),
	(1436, 120, 17, 2, 5.00, 10.00),
	(1437, 121, 17, 1, 5.00, 5.00),
	(1438, 122, 17, 4, 5.00, 20.00),
	(1439, 123, 17, 3, 5.00, 15.00),
	(1440, 124, 17, 1, 5.00, 5.00),
	(1441, 125, 17, 2, 5.00, 10.00),
	(1442, 126, 17, 1, 5.00, 5.00),
	(1443, 127, 17, 1, 5.00, 5.00),
	(1444, 128, 17, 1, 5.00, 5.00),
	(1445, 129, 17, 1, 5.00, 5.00),
	(1446, 130, 17, 1, 5.00, 5.00),
	(1447, 131, 21, 91, 3.00, 273.00),
	(1448, 132, 21, 28, 3.00, 84.00),
	(1449, 133, 21, 94, 3.00, 282.00),
	(1450, 134, 21, 34, 3.00, 102.00),
	(1451, 135, 21, 11, 3.00, 33.00),
	(1452, 136, 21, 55, 3.00, 165.00),
	(1453, 137, 21, 40, 3.00, 120.00),
	(1454, 138, 21, 23, 3.00, 69.00),
	(1455, 139, 21, 2, 3.00, 6.00),
	(1456, 140, 21, 20, 3.00, 60.00),
	(1457, 141, 21, 6, 3.00, 18.00),
	(1458, 142, 21, 12, 3.00, 36.00),
	(1459, 143, 21, 3, 3.00, 9.00),
	(1460, 144, 21, 8, 3.00, 24.00),
	(1461, 145, 21, 2, 3.00, 6.00),
	(1462, 146, 21, 1, 3.00, 3.00),
	(1463, 147, 21, 3, 3.00, 9.00),
	(1464, 148, 21, 3, 3.00, 9.00),
	(1465, 150, 21, 1, 3.00, 3.00),
	(1466, 151, 21, 1, 3.00, 3.00),
	(1467, 152, 21, 1, 3.00, 3.00),
	(1468, 154, 21, 1, 3.00, 3.00),
	(1469, 155, 21, 1, 3.00, 3.00),
	(1470, 156, 21, 1, 3.00, 3.00),
	(1471, 157, 21, 1, 3.00, 3.00),
	(1472, 158, 24, 7, 3.00, 21.00),
	(1473, 159, 24, 14, 3.00, 42.00),
	(1474, 160, 24, 21, 3.00, 63.00),
	(1475, 161, 24, 3, 3.00, 9.00),
	(1476, 162, 24, 12, 3.00, 36.00),
	(1477, 163, 24, 15, 3.00, 45.00),
	(1478, 164, 24, 8, 3.00, 24.00),
	(1479, 165, 24, 2, 3.00, 6.00),
	(1480, 166, 24, 4, 3.00, 12.00),
	(1481, 167, 24, 5, 3.00, 15.00),
	(1482, 168, 24, 2, 3.00, 6.00),
	(1483, 169, 24, 3, 3.00, 9.00),
	(1484, 170, 24, 1, 3.00, 3.00),
	(1485, 171, 24, 1, 3.00, 3.00),
	(1486, 172, 24, 1, 3.00, 3.00),
	(1487, 173, 24, 1, 3.00, 3.00),
	(1488, 174, 24, 1, 3.00, 3.00),
	(1489, 176, 24, 1, 3.00, 3.00),
	(1490, 177, 24, 1, 3.00, 3.00),
	(1491, 178, 28, 43, 3.00, 129.00),
	(1492, 179, 28, 55, 3.00, 165.00),
	(1493, 180, 28, 43, 3.00, 129.00),
	(1494, 181, 28, 8, 3.00, 24.00),
	(1495, 182, 28, 16, 3.00, 48.00),
	(1496, 184, 28, 23, 3.00, 69.00),
	(1497, 185, 28, 3, 3.00, 9.00),
	(1498, 186, 28, 3, 3.00, 9.00),
	(1499, 187, 28, 14, 3.00, 42.00),
	(1500, 189, 28, 7, 3.00, 21.00),
	(1501, 190, 28, 9, 3.00, 27.00),
	(1502, 191, 28, 8, 3.00, 24.00),
	(1503, 192, 28, 4, 3.00, 12.00),
	(1504, 193, 28, 1, 3.00, 3.00),
	(1505, 194, 28, 4, 3.00, 12.00),
	(1506, 195, 28, 1, 3.00, 3.00),
	(1507, 197, 28, 2, 3.00, 6.00),
	(1508, 198, 28, 1, 3.00, 3.00),
	(1509, 199, 28, 1, 3.00, 3.00),
	(1510, 200, 28, 1, 3.00, 3.00),
	(1511, 201, 28, 1, 3.00, 3.00),
	(1512, 202, 28, 1, 3.00, 3.00),
	(1513, 203, 34, 51, 5.00, 255.00),
	(1514, 204, 34, 3, 5.00, 15.00),
	(1515, 205, 34, 9, 5.00, 45.00),
	(1516, 206, 34, 40, 5.00, 200.00),
	(1517, 207, 34, 29, 5.00, 145.00),
	(1518, 208, 34, 25, 5.00, 125.00),
	(1519, 209, 34, 36, 5.00, 180.00),
	(1520, 210, 34, 6, 5.00, 30.00),
	(1521, 211, 34, 22, 5.00, 110.00),
	(1522, 212, 34, 10, 5.00, 50.00),
	(1523, 213, 34, 4, 5.00, 20.00),
	(1524, 214, 34, 4, 5.00, 20.00),
	(1525, 215, 34, 9, 5.00, 45.00),
	(1526, 216, 34, 2, 5.00, 10.00),
	(1527, 217, 34, 1, 5.00, 5.00),
	(1528, 218, 34, 3, 5.00, 15.00),
	(1529, 219, 34, 4, 5.00, 20.00),
	(1530, 220, 34, 1, 5.00, 5.00),
	(1531, 221, 34, 1, 5.00, 5.00),
	(1532, 222, 34, 1, 5.00, 5.00),
	(1533, 223, 34, 2, 5.00, 10.00),
	(1534, 224, 34, 1, 5.00, 5.00),
	(1535, 225, 34, 1, 5.00, 5.00),
	(1536, 226, 34, 1, 5.00, 5.00),
	(1537, 227, 34, 1, 5.00, 5.00),
	(1538, 228, 36, 50, 3.00, 150.00),
	(1539, 229, 36, 9, 3.00, 27.00),
	(1540, 230, 36, 11, 3.00, 33.00),
	(1541, 231, 36, 21, 3.00, 63.00),
	(1542, 232, 36, 56, 3.00, 168.00),
	(1543, 233, 36, 2, 3.00, 6.00),
	(1544, 234, 36, 47, 3.00, 141.00),
	(1545, 235, 36, 44, 3.00, 132.00),
	(1546, 236, 36, 9, 3.00, 27.00),
	(1547, 237, 36, 23, 3.00, 69.00),
	(1548, 238, 36, 12, 3.00, 36.00),
	(1549, 240, 36, 11, 3.00, 33.00),
	(1550, 242, 36, 13, 3.00, 39.00),
	(1551, 243, 36, 10, 3.00, 30.00),
	(1552, 244, 36, 5, 3.00, 15.00),
	(1553, 245, 36, 6, 3.00, 18.00),
	(1554, 247, 36, 1, 3.00, 3.00),
	(1555, 248, 36, 2, 3.00, 6.00),
	(1556, 249, 36, 1, 3.00, 3.00),
	(1557, 251, 36, 3, 3.00, 9.00),
	(1558, 252, 36, 1, 3.00, 3.00),
	(1559, 253, 36, 1, 3.00, 3.00),
	(1560, 254, 36, 1, 3.00, 3.00),
	(1561, 255, 36, 1, 3.00, 3.00),
	(1562, 256, 36, 1, 3.00, 3.00),
	(1563, 257, 36, 1, 3.00, 3.00),
	(1564, 258, 39, 1, 8.75, 8.75),
	(1565, 259, 39, 2, 8.75, 17.50),
	(1566, 260, 39, 1, 8.75, 8.75),
	(1567, 261, 39, 1, 8.75, 8.75),
	(1568, 262, 39, 1, 8.75, 8.75),
	(1569, 263, 39, 1, 8.75, 8.75),
	(1570, 264, 41, 60, 3.00, 180.00),
	(1571, 265, 41, 43, 3.00, 129.00),
	(1572, 266, 41, 26, 3.00, 78.00),
	(1573, 267, 41, 2, 3.00, 6.00),
	(1574, 268, 41, 42, 3.00, 126.00),
	(1575, 269, 41, 31, 3.00, 93.00),
	(1576, 270, 41, 19, 3.00, 57.00),
	(1577, 271, 41, 5, 3.00, 15.00),
	(1578, 273, 41, 14, 3.00, 42.00),
	(1579, 274, 41, 5, 3.00, 15.00),
	(1580, 275, 41, 6, 3.00, 18.00),
	(1581, 276, 41, 4, 3.00, 12.00),
	(1582, 277, 41, 4, 3.00, 12.00),
	(1583, 278, 41, 1, 3.00, 3.00),
	(1584, 280, 41, 1, 3.00, 3.00),
	(1585, 281, 41, 2, 3.00, 6.00),
	(1586, 282, 41, 1, 3.00, 3.00),
	(1587, 283, 41, 1, 3.00, 3.00),
	(1588, 284, 41, 1, 3.00, 3.00),
	(1589, 285, 41, 1, 3.00, 3.00),
	(1590, 286, 41, 1, 3.00, 3.00),
	(1591, 287, 42, 2, 5.00, 10.00),
	(1592, 288, 42, 17, 5.00, 85.00),
	(1593, 289, 42, 5, 5.00, 25.00),
	(1594, 290, 42, 10, 5.00, 50.00),
	(1595, 291, 42, 10, 5.00, 50.00),
	(1596, 292, 42, 4, 5.00, 20.00),
	(1597, 293, 42, 1, 5.00, 5.00),
	(1598, 294, 42, 6, 5.00, 30.00),
	(1599, 295, 42, 4, 5.00, 20.00),
	(1600, 296, 42, 1, 5.00, 5.00),
	(1601, 297, 42, 1, 5.00, 5.00),
	(1602, 299, 42, 2, 5.00, 10.00),
	(1603, 300, 42, 1, 5.00, 5.00),
	(1604, 301, 42, 1, 5.00, 5.00),
	(1605, 302, 42, 1, 5.00, 5.00),
	(1606, 303, 42, 1, 5.00, 5.00),
	(1607, 304, 42, 1, 5.00, 5.00),
	(1608, 305, 65, 8, 5.00, 40.00),
	(1609, 306, 65, 8, 5.00, 40.00),
	(1610, 307, 65, 7, 5.00, 35.00),
	(1611, 308, 65, 4, 5.00, 20.00),
	(1612, 309, 65, 1, 5.00, 5.00),
	(1613, 310, 65, 3, 5.00, 15.00),
	(1614, 312, 65, 2, 5.00, 10.00),
	(1615, 313, 65, 1, 5.00, 5.00),
	(1616, 314, 65, 1, 5.00, 5.00),
	(1617, 315, 65, 1, 5.00, 5.00),
	(1618, 316, 65, 1, 5.00, 5.00),
	(1619, 317, 65, 1, 5.00, 5.00),
	(1620, 318, 84, 6, 5.00, 30.00),
	(1621, 319, 84, 6, 5.00, 30.00),
	(1622, 320, 84, 3, 5.00, 15.00),
	(1623, 321, 84, 1, 5.00, 5.00),
	(1624, 322, 84, 2, 5.00, 10.00),
	(1625, 323, 84, 2, 5.00, 10.00),
	(1626, 324, 84, 2, 5.00, 10.00),
	(1627, 325, 84, 2, 5.00, 10.00),
	(1628, 326, 84, 1, 5.00, 5.00),
	(1629, 327, 84, 1, 5.00, 5.00),
	(1630, 329, 84, 1, 5.00, 5.00),
	(1631, 330, 84, 1, 5.00, 5.00),
	(1632, 331, 87, 3, 10.00, 30.00),
	(1633, 333, 87, 1, 10.00, 10.00),
	(1634, 334, 87, 6, 10.00, 60.00),
	(1635, 335, 87, 7, 10.00, 70.00),
	(1636, 336, 87, 9, 10.00, 90.00),
	(1637, 337, 87, 2, 10.00, 20.00),
	(1638, 338, 87, 3, 10.00, 30.00),
	(1639, 339, 87, 2, 10.00, 20.00),
	(1640, 340, 87, 6, 10.00, 60.00),
	(1641, 341, 87, 2, 10.00, 20.00),
	(1642, 342, 87, 1, 10.00, 10.00),
	(1643, 343, 87, 1, 10.00, 10.00),
	(1644, 344, 87, 3, 10.00, 30.00),
	(1645, 345, 87, 1, 10.00, 10.00),
	(1646, 346, 87, 1, 10.00, 10.00),
	(1647, 347, 87, 1, 10.00, 10.00),
	(1648, 348, 87, 1, 10.00, 10.00),
	(1649, 349, 87, 1, 10.00, 10.00),
	(1650, 350, 87, 1, 10.00, 10.00),
	(1651, 351, 111, 31, 3.55, 110.05),
	(1652, 352, 111, 18, 3.55, 63.90),
	(1653, 353, 111, 5, 3.55, 17.75),
	(1654, 354, 111, 12, 3.55, 42.60),
	(1655, 355, 111, 2, 3.55, 7.10),
	(1656, 357, 111, 3, 3.55, 10.65),
	(1657, 358, 111, 5, 3.55, 17.75),
	(1658, 359, 111, 2, 3.55, 7.10),
	(1659, 360, 111, 2, 3.55, 7.10),
	(1660, 361, 111, 5, 3.55, 17.75),
	(1661, 362, 111, 6, 3.55, 21.30),
	(1662, 363, 111, 2, 3.55, 7.10),
	(1663, 364, 111, 2, 3.55, 7.10),
	(1664, 365, 111, 3, 3.55, 10.65),
	(1665, 366, 111, 3, 3.55, 10.65),
	(1666, 368, 111, 2, 3.55, 7.10),
	(1667, 369, 111, 1, 3.55, 3.55),
	(1668, 370, 111, 1, 3.55, 3.55),
	(1669, 371, 111, 1, 3.55, 3.55),
	(1670, 372, 111, 1, 3.55, 3.55),
	(1671, 373, 111, 1, 3.55, 3.55),
	(1672, 374, 111, 1, 3.55, 3.55),
	(1673, 376, 113, 8, 4.50, 36.00),
	(1674, 377, 113, 5, 4.50, 22.50),
	(1675, 378, 113, 3, 4.50, 13.50),
	(1676, 379, 113, 5, 4.50, 22.50),
	(1677, 380, 113, 3, 4.50, 13.50),
	(1678, 381, 113, 2, 4.50, 9.00),
	(1679, 383, 113, 1, 4.50, 4.50),
	(1680, 384, 113, 1, 4.50, 4.50),
	(1681, 385, 113, 1, 4.50, 4.50),
	(1682, 387, 113, 1, 4.50, 4.50),
	(1683, 388, 113, 1, 4.50, 4.50),
	(1684, 389, 113, 1, 4.50, 4.50);

-- Volcando estructura para tabla inventario_system.distribuciones
CREATE TABLE IF NOT EXISTS `distribuciones` (
  `id` int NOT NULL AUTO_INCREMENT,
  `fecha_inicio` date NOT NULL,
  `fecha_fin` date NOT NULL,
  `dias_exclusion` text,
  `tipo_distribucion` enum('completo','parcial') NOT NULL,
  `productos_seleccionados` text,
  `estado` enum('activo','eliminado') DEFAULT 'activo',
  `fecha_creacion` timestamp NULL DEFAULT CURRENT_TIMESTAMP,
  PRIMARY KEY (`id`)
) ENGINE=InnoDB DEFAULT CHARSET=utf8mb4 COLLATE=utf8mb4_0900_ai_ci;

-- Volcando datos para la tabla inventario_system.distribuciones: ~1 rows (aproximadamente)
INSERT INTO `distribuciones` (`id`, `fecha_inicio`, `fecha_fin`, `dias_exclusion`, `tipo_distribucion`, `productos_seleccionados`, `estado`, `fecha_creacion`) VALUES
	(1, '2025-09-16', '2025-09-30', '["0","6"]', 'completo', '', 'activo', '2025-09-16 17:16:25');

-- Volcando estructura para tabla inventario_system.ingresos
CREATE TABLE IF NOT EXISTS `ingresos` (
  `id` int NOT NULL AUTO_INCREMENT,
  `proveedor` varchar(255) NOT NULL,
  `numero_factura` varchar(100) NOT NULL,
  `fecha_ingreso` date NOT NULL,
  `total_factura` decimal(10,2) DEFAULT '0.00',
  `fecha_creacion` timestamp NULL DEFAULT CURRENT_TIMESTAMP,
  PRIMARY KEY (`id`)
) ENGINE=InnoDB AUTO_INCREMENT=10 DEFAULT CHARSET=utf8mb4 COLLATE=utf8mb4_0900_ai_ci;

-- Volcando datos para la tabla inventario_system.ingresos: ~9 rows (aproximadamente)
INSERT INTO `ingresos` (`id`, `proveedor`, `numero_factura`, `fecha_ingreso`, `total_factura`, `fecha_creacion`) VALUES
	(1, 'Grupo AJE', 'Entradas para septiembre AJE', '2025-09-16', 21602.00, '2025-09-16 16:25:55'),
	(2, 'Pepsi', 'Entradas para septiembre Pepsi', '2025-09-16', 2081.95, '2025-09-16 16:31:26'),
	(3, 'Pepsi', 'Entradas para septiembre Pepsi 2', '2025-09-16', 2934.00, '2025-09-16 16:34:12'),
	(4, 'La Constancia', 'Entradas para septiembre La constancia', '2025-09-16', 4756.55, '2025-09-16 16:43:47'),
	(5, 'Diszasa', 'Entradas para septiembre Diszasa', '2025-09-16', 643.20, '2025-09-16 16:44:57'),
	(6, 'Industrias Romero', 'Entradas para septiembre Ind. Romero', '2025-09-16', 870.00, '2025-09-16 16:46:47'),
	(7, 'Disna', 'Entradas para septiembre Disna', '2025-09-16', 1344.00, '2025-09-16 16:47:58'),
	(8, 'Grupo EDT', 'Entradas para septiembre EDT', '2025-09-16', 1147.50, '2025-09-16 16:49:37'),
	(9, 'Grupo AJE', 'Entradas para septiembre AJE 2', '2025-09-16', 250.00, '2025-09-16 17:04:35');

-- Volcando estructura para tabla inventario_system.productos
CREATE TABLE IF NOT EXISTS `productos` (
  `id` int NOT NULL AUTO_INCREMENT,
  `proveedor` varchar(255) NOT NULL,
  `descripcion` text NOT NULL,
  `precio_venta` decimal(10,2) NOT NULL,
  `existencia` int DEFAULT '0',
  `fecha_creacion` timestamp NULL DEFAULT CURRENT_TIMESTAMP,
  `fecha_actualizacion` timestamp NULL DEFAULT CURRENT_TIMESTAMP ON UPDATE CURRENT_TIMESTAMP,
  PRIMARY KEY (`id`)
) ENGINE=InnoDB AUTO_INCREMENT=124 DEFAULT CHARSET=utf8mb4 COLLATE=utf8mb4_0900_ai_ci;

-- Volcando datos para la tabla inventario_system.productos: ~123 rows (aproximadamente)
INSERT INTO `productos` (`id`, `proveedor`, `descripcion`, `precio_venta`, `existencia`, `fecha_creacion`, `fecha_actualizacion`) VALUES
	(1, 'Pepsi', 'AMP Energy 600ml (12 Pack)', 10.00, 0, '2025-09-12 21:09:04', '2025-09-16 17:16:25'),
	(2, 'Pepsi', 'Agua "Aqua" 750ml (12 Pack)', 4.00, 0, '2025-09-12 21:09:04', '2025-09-16 17:16:26'),
	(3, 'Industrias Romero', 'Agua "Caída del Cielo" (Fardo)', 0.90, 0, '2025-09-12 21:09:04', '2025-09-16 17:16:26'),
	(4, 'Grupo AJE', 'Agua "Cielo" 375ml (24 Pack)', 4.00, 0, '2025-09-12 21:09:04', '2025-09-12 21:09:04'),
	(5, 'Grupo AJE', 'Agua "Cielo" 625ml (20 Pack)', 4.50, 0, '2025-09-12 21:09:04', '2025-09-16 17:16:26'),
	(6, 'Grupo AJE', 'Agua "Cielo" 1L (8 Pack)', 4.65, 0, '2025-09-12 21:09:04', '2025-09-16 17:16:25'),
	(7, 'Industrias Romero', 'Agua "De Los Ángeles" Garrafa 18.5L (Unidad)', 2.00, 0, '2025-09-12 21:09:04', '2025-09-12 21:09:04'),
	(8, 'Diszasa', 'Baygon Oko Mosquitos Y Moscas 400ml (Unidad)', 2.25, 0, '2025-09-12 21:09:04', '2025-09-12 21:09:04'),
	(9, 'Diszasa', 'Baygon Poder Mortal 400ml (Unidad)', 2.25, 0, '2025-09-12 21:09:04', '2025-09-12 21:09:04'),
	(10, 'Grupo AJE', 'Big Cola 250ml (24 Pack)', 5.00, 0, '2025-09-12 21:09:04', '2025-09-16 17:16:26'),
	(11, 'Grupo AJE', 'Big Lima Limón 250ml (24 Pack)', 5.00, 0, '2025-09-12 21:09:04', '2025-09-12 21:09:04'),
	(12, 'Grupo AJE', 'Big Naranja 250ml (24 Pack)', 5.00, 0, '2025-09-12 21:09:04', '2025-09-12 21:09:04'),
	(13, 'Grupo AJE', 'Big Cola 300ml (24 Pack)', 5.00, 0, '2025-09-12 21:09:04', '2025-09-12 21:09:04'),
	(14, 'Grupo AJE', 'Big Cola 360ml (24 Pack)', 6.00, 0, '2025-09-12 21:09:04', '2025-09-16 17:16:26'),
	(15, 'Grupo AJE', 'Big Cola 625ml (12 Pack)', 4.55, 0, '2025-09-12 21:09:04', '2025-09-16 17:16:25'),
	(16, 'Grupo AJE', 'Big Cola 1L (12 Pack)', 6.00, 0, '2025-09-12 21:09:04', '2025-09-12 21:09:04'),
	(17, 'Grupo AJE', 'Big Cola 1.3L (8 Pack)', 5.00, 0, '2025-09-12 21:09:04', '2025-09-16 17:16:26'),
	(18, 'Grupo AJE', 'Big Cola 1.8L (6 Pack)', 5.50, 0, '2025-09-12 21:09:04', '2025-09-12 21:09:04'),
	(19, 'Grupo AJE', 'Big Cola 2.6L (6 Pack)', 6.50, 0, '2025-09-12 21:09:04', '2025-09-16 17:16:25'),
	(20, 'Grupo AJE', 'Big Cola 3.03L (6 Pack)', 8.75, 0, '2025-09-12 21:09:04', '2025-09-16 17:16:26'),
	(21, 'Grupo AJE', 'Big Lima Limón 360ml (12 Pack)', 3.00, 0, '2025-09-12 21:09:04', '2025-09-16 17:16:26'),
	(22, 'Grupo AJE', 'Big Lima Limón 3.03L (6 Pack)', 8.75, 0, '2025-09-12 21:09:04', '2025-09-16 17:16:25'),
	(23, 'Grupo AJE', 'Big Lima Limón 250ml (24 Pack)', 5.00, 0, '2025-09-12 21:09:04', '2025-09-16 17:16:26'),
	(24, 'Grupo AJE', 'Big Naranja 360ml (12 Pack)', 3.00, 0, '2025-09-12 21:09:04', '2025-09-16 17:16:26'),
	(25, 'Grupo AJE', 'Big Naranja 3.03L (6 Pack)', 8.75, 0, '2025-09-12 21:09:04', '2025-09-16 17:16:25'),
	(26, 'Grupo AJE', 'Big Roja 360ml (12 Pack)', 3.00, 0, '2025-09-12 21:09:04', '2025-09-12 21:09:04'),
	(27, 'Grupo AJE', 'Big Uva 250ml (24 Pack)', 5.00, 0, '2025-09-12 21:09:04', '2025-09-12 21:09:04'),
	(28, 'Grupo AJE', 'Big Uva 360ml (12 Pack)', 3.00, 0, '2025-09-12 21:09:04', '2025-09-16 17:16:26'),
	(29, 'Grupo AJE', 'Big Uva 3.03L (6 Pack)', 8.75, 0, '2025-09-12 21:09:04', '2025-09-16 17:16:25'),
	(30, 'Grupo AJE', 'Bio Aloe "Aloe y Uva" 360ml (6 Pack)', 3.75, 0, '2025-09-12 21:09:04', '2025-09-12 21:09:04'),
	(31, 'Diszasa', 'Café Instantáneo Aroma Caja (50 Sobres)', 3.00, 0, '2025-09-12 21:09:04', '2025-09-12 21:09:04'),
	(32, 'Diszasa', 'Café Instantáneo Coscafe Caja (40 sobres)', 2.85, 0, '2025-09-12 21:09:04', '2025-09-12 21:09:04'),
	(33, 'Diszasa', 'Café Instantáneo Coscafe Caja (50+5 Sobres)', 3.95, 0, '2025-09-12 21:09:04', '2025-09-12 21:09:04'),
	(34, 'Grupo AJE', 'Cifrut Citrus Punch 1.3L (8 Pack)', 5.00, 0, '2025-09-12 21:09:04', '2025-09-16 17:16:26'),
	(35, 'Grupo AJE', 'Cifrut Citrus Punch Naranja 250ml (24 Pack)', 5.00, 0, '2025-09-12 21:09:04', '2025-09-16 17:16:26'),
	(36, 'Grupo AJE', 'Cifrut Citrus Punch Naranja 360ml (12 Pack)', 3.00, 0, '2025-09-12 21:09:04', '2025-09-16 17:16:26'),
	(37, 'Grupo AJE', 'Cifrut Citrus Punch Naranja 625ml (15 Pack)', 5.70, 0, '2025-09-12 21:09:04', '2025-09-12 21:09:04'),
	(38, 'Grupo AJE', 'Cifrut Citrus Punch Naranja 2.6L (6 Pack)', 6.50, 0, '2025-09-12 21:09:04', '2025-09-12 21:09:04'),
	(39, 'Grupo AJE', 'Cifrut Citrus Punch Naranja 3.03L (6 Pack)', 8.75, 0, '2025-09-12 21:09:04', '2025-09-16 17:16:26'),
	(40, 'Grupo AJE', 'Cifrut Fruit Punch Rojo 250ml (24 Pack)', 5.00, 0, '2025-09-12 21:09:04', '2025-09-16 17:16:26'),
	(41, 'Grupo AJE', 'Cifrut Fruit Punch Rojo 360ml (12 Pack)', 3.00, 0, '2025-09-12 21:09:04', '2025-09-16 17:16:26'),
	(42, 'Grupo AJE', 'Cifrut Fruit Punch Rojo 1.3L (8 Pack)', 5.00, 0, '2025-09-12 21:09:04', '2025-09-16 17:16:26'),
	(43, 'Grupo AJE', 'Cifrut Fruit Punch Rojo 3.03L (6 Pack)', 8.75, 0, '2025-09-12 21:09:04', '2025-09-16 17:16:26'),
	(44, 'La Constancia', 'Coca-Cola Vidrio 354ml (24 Pack)', 10.25, 0, '2025-09-12 21:09:04', '2025-09-12 21:09:04'),
	(45, 'La Constancia', 'Coca-Cola 1.25L pet (12 Pack)', 13.50, 0, '2025-09-12 21:09:04', '2025-09-16 17:16:25'),
	(46, 'La Constancia', 'Coca-Cola 2.5L pet (6 Pack)', 11.55, 0, '2025-09-12 21:09:04', '2025-09-16 17:16:26'),
	(47, 'La Constancia', 'Coca-Cola 3L pet (4 Pack)', 8.50, 0, '2025-09-12 21:09:04', '2025-09-16 17:16:26'),
	(48, 'La Constancia', 'Coca-Cola lata 354ml (24 Pack)', 14.45, 0, '2025-09-12 21:09:04', '2025-09-16 17:16:26'),
	(49, 'La Constancia', 'Coca-Cola Vidrio 1L (12 Pack)', 10.25, 0, '2025-09-12 21:09:04', '2025-09-12 21:09:04'),
	(50, 'La Constancia', 'Coca-Cola Vidrio 1.25L (12 Pack)', 10.25, 0, '2025-09-12 21:09:04', '2025-09-12 21:09:04'),
	(51, 'La Constancia', 'Del Valle Mandarina 500ml pet (12 Pack)', 5.75, 0, '2025-09-12 21:09:04', '2025-09-12 21:09:04'),
	(52, 'La Constancia', 'Del Valle Mandarina 1.5L pet (6 Pack)', 5.85, 0, '2025-09-12 21:09:04', '2025-09-16 17:16:26'),
	(53, 'La Constancia', 'Del Valle Mandarina 2.5L pet (6 Pack)', 8.55, 0, '2025-09-12 21:09:04', '2025-09-16 17:16:26'),
	(54, 'La Constancia', 'Energy Fury 500ml pet (12 Pack)', 11.25, 0, '2025-09-12 21:09:04', '2025-09-16 17:16:25'),
	(55, 'La Constancia', 'Fanta Naranja 1.25L pet (12pack)', 13.50, 0, '2025-09-12 21:09:04', '2025-09-12 21:09:04'),
	(56, 'La Constancia', 'Fanta Naranja 2.5L pet (6 Pack)', 11.55, 0, '2025-09-12 21:09:04', '2025-09-16 17:16:25'),
	(57, 'La Constancia', 'Fanta Naranja Lata 354ml (12 Pack)', 7.22, 0, '2025-09-12 21:09:04', '2025-09-12 21:09:04'),
	(58, 'La Constancia', 'Fanta Vidrio 354ml (24 Pack)', 10.25, 0, '2025-09-12 21:09:04', '2025-09-16 17:16:25'),
	(59, 'Pepsi', 'Gatorade Celeste 600ml (24 Pack)', 22.10, 0, '2025-09-12 21:09:04', '2025-09-16 17:16:25'),
	(60, 'Pepsi', 'Gatorade Limón 600ml (24 Pack)', 22.10, 0, '2025-09-12 21:09:04', '2025-09-16 17:16:26'),
	(61, 'Pepsi', 'Gatorade Naranja 600ml (24 Pack)', 22.10, 0, '2025-09-12 21:09:04', '2025-09-16 17:16:25'),
	(62, 'Pepsi', 'Gatorade Rojo 600ml (24 Pack)', 22.10, 0, '2025-09-12 21:09:04', '2025-09-16 17:16:26'),
	(63, 'Pepsi', 'Gatorade Uva 600ml (24 Pack)', 22.10, 0, '2025-09-12 21:09:04', '2025-09-16 17:16:26'),
	(64, 'Grupo AJE', 'Kola Real K.R 300ml (12 Pack)', 2.50, 0, '2025-09-12 21:09:04', '2025-09-12 21:09:04'),
	(65, 'Grupo AJE', 'Kola Real K.R Naranja 300ml (12 Pack)', 5.00, 0, '2025-09-12 21:09:04', '2025-09-16 17:16:26'),
	(66, 'Pepsi', 'Néctar California de Durazno 330ml (24 Pack)', 10.00, 0, '2025-09-12 21:09:04', '2025-09-12 21:09:04'),
	(67, 'Pepsi', 'Néctar California de Pera 330ml (24 Pack)', 10.00, 0, '2025-09-12 21:09:04', '2025-09-16 17:16:25'),
	(68, 'Pepsi', 'Néctar California Sabores Surtidos 330ml (24 Pack)', 10.00, 0, '2025-09-12 21:09:04', '2025-09-12 21:09:04'),
	(69, 'Pepsi', 'Néctar California de Manzana 330ml (24 Pack)', 10.00, 0, '2025-09-12 21:09:04', '2025-09-16 17:16:26'),
	(70, 'Pepsi', 'Néctar California Melocoton 330ml (24 Pack)', 10.00, 0, '2025-09-12 21:09:04', '2025-09-16 17:16:25'),
	(71, 'Diszasa', 'Papel Higiénico Nevax Fardo (12 Pack)', 9.60, 0, '2025-09-12 21:09:04', '2025-09-16 17:16:26'),
	(72, 'Pepsi', 'Pepsi 1.5L (12 Pack)', 13.00, 0, '2025-09-12 21:09:04', '2025-09-12 21:09:04'),
	(73, 'Pepsi', 'Petit Durazno 330ml (24 Pack)', 13.00, 0, '2025-09-12 21:09:04', '2025-09-12 21:09:04'),
	(74, 'Pepsi', 'Petit Manzana 330ml (24 Pack)', 13.00, 0, '2025-09-12 21:09:04', '2025-09-12 21:09:04'),
	(75, 'Pepsi', 'Petit Piña 330ml (24 Pack)', 13.00, 0, '2025-09-12 21:09:04', '2025-09-12 21:09:04'),
	(76, 'Pepsi', 'Petit Tetra Sabores Surtidos 200ml (24 Pack)', 8.15, 0, '2025-09-12 21:09:04', '2025-09-12 21:09:04'),
	(77, 'La Constancia', 'Powerade Avalancha 500ml pet (12 Pack)', 7.25, 0, '2025-09-12 21:09:04', '2025-09-16 17:16:26'),
	(78, 'La Constancia', 'Powerade Avalancha 750ml pet (12 Pack)', 9.75, 0, '2025-09-12 21:09:04', '2025-09-16 17:16:26'),
	(79, 'Grupo AJE', 'Pulp Manzana Caja 145ml (12 Pack)', 2.50, 0, '2025-09-12 21:09:04', '2025-09-12 21:09:04'),
	(80, 'Grupo AJE', 'Pulp Melocotón Caja 145ml (12 Pack)', 2.50, 0, '2025-09-12 21:09:04', '2025-09-12 21:09:04'),
	(81, 'Grupo AJE', 'Pulp Melocotón Caja 250ml (12 Pack)', 3.40, 0, '2025-09-12 21:09:04', '2025-09-16 17:16:25'),
	(82, 'Grupo AJE', 'Pulp Manzana Caja 250ml (12 Pack)', 3.40, 0, '2025-09-12 21:09:04', '2025-09-16 17:16:26'),
	(83, 'Disna', 'Quanty Naranja 237ml (24 Pack)', 5.00, 0, '2025-09-12 21:09:04', '2025-09-16 17:16:26'),
	(84, 'Disna', 'Quanty Ponche de Frutas 237ml (24 Pack)', 5.00, 0, '2025-09-12 21:09:04', '2025-09-16 17:16:26'),
	(85, 'Disna', 'Quanty Uva 237ml (24 Pack)', 5.00, 0, '2025-09-12 21:09:04', '2025-09-16 17:16:26'),
	(86, 'Grupo EDT', 'Raptor 300ml (24 Pack)', 10.00, 0, '2025-09-12 21:09:04', '2025-09-12 21:09:04'),
	(87, 'Grupo EDT', 'Raptor 600ml (12 Pack)', 10.00, 0, '2025-09-12 21:09:04', '2025-09-16 17:16:26'),
	(88, 'Pepsi', 'Salutaris Agua Mineral 355ml (24 Pack)', 13.00, 0, '2025-09-12 21:09:04', '2025-09-16 17:16:25'),
	(89, 'Pepsi', 'Salutaris de Limón 355ml (24 Pack)', 13.00, 0, '2025-09-12 21:09:04', '2025-09-12 21:09:04'),
	(90, 'Pepsi', 'Salutaris Naranja 355ml (24 Pack)', 13.00, 0, '2025-09-12 21:09:04', '2025-09-16 17:16:26'),
	(91, 'Pepsi', 'Salutaris Toronja 355ml (24 Pack)', 13.00, 0, '2025-09-12 21:09:04', '2025-09-16 17:16:25'),
	(92, 'Grupo AJE', 'Sporade Ice Apple 625ml (12 Pack)', 5.75, 0, '2025-09-12 21:09:04', '2025-09-12 21:09:04'),
	(93, 'Grupo AJE', 'Sporade Blue Berry 360ml (12 Pack)', 3.80, 0, '2025-09-12 21:09:04', '2025-09-16 17:16:26'),
	(94, 'Grupo AJE', 'Sporade Blue Berry 625ml (12 Pack)', 5.75, 0, '2025-09-12 21:09:04', '2025-09-16 17:16:25'),
	(95, 'Grupo AJE', 'Sporade Fruit Punch 360ml (12 Pack)', 3.80, 0, '2025-09-12 21:09:04', '2025-09-16 17:16:26'),
	(96, 'Grupo AJE', 'Sporade Fruit Punch 625ml (12 Pack)', 5.75, 0, '2025-09-12 21:09:04', '2025-09-16 17:16:25'),
	(97, 'Grupo AJE', 'Sporade Uva 360ml (12 Pack)', 3.80, 0, '2025-09-12 21:09:04', '2025-09-16 17:16:26'),
	(98, 'Grupo AJE', 'Sporade Uva 625ml (12 Pack)', 5.75, 0, '2025-09-12 21:09:04', '2025-09-12 21:09:04'),
	(99, 'Diszasa', 'Surf Junior Mandarina Bolsa 400ml (12 Pack)', 2.50, 0, '2025-09-12 21:09:04', '2025-09-12 21:09:04'),
	(100, 'Diszasa', 'Surf Junior Naranja Bolsa 400ml (12 Pack)', 2.50, 0, '2025-09-12 21:09:04', '2025-09-12 21:09:04'),
	(101, 'Diszasa', 'Suero Suerox Fresa y Kiwi 630ml (12 Pack)', 24.00, 0, '2025-09-12 21:09:04', '2025-09-12 21:09:04'),
	(102, 'Diszasa', 'Suero Suerox Frutos Rojos 630ml (12 Pack)', 24.00, 0, '2025-09-12 21:09:04', '2025-09-12 21:09:04'),
	(103, 'Diszasa', 'Suero Suerox Manzana 630ml (12 Pack)', 24.00, 0, '2025-09-12 21:09:04', '2025-09-12 21:09:04'),
	(104, 'Diszasa', 'Suero Suerox Mora Azul 630ml (12 Pack)', 24.00, 0, '2025-09-12 21:09:04', '2025-09-12 21:09:04'),
	(105, 'Diszasa', 'Suero Suerox Naranja 630ml (12 Pack)', 24.00, 0, '2025-09-12 21:09:04', '2025-09-12 21:09:04'),
	(106, 'Diszasa', 'Suero Suerox Uva 630ml (12 Pack)', 24.00, 0, '2025-09-12 21:09:04', '2025-09-12 21:09:04'),
	(107, 'Diszasa', 'Surf Naranja Pet 300ml (12 Pack)', 2.50, 0, '2025-09-12 21:09:04', '2025-09-12 21:09:04'),
	(108, 'Diszasa', 'Surf Ponche de frutas Pet 300ml (12 Pack)', 2.50, 0, '2025-09-12 21:09:04', '2025-09-12 21:09:04'),
	(109, 'Diszasa', 'Surf Uva Pet 300ml (12 Pack)', 2.50, 0, '2025-09-12 21:09:04', '2025-09-12 21:09:04'),
	(110, 'La Constancia', 'Tropical 354ml (12 Pack)', 7.22, 0, '2025-09-12 21:09:04', '2025-09-12 21:09:04'),
	(111, 'Grupo AJE', 'Volt Go 360ml (12 Pack)', 3.55, 0, '2025-09-12 21:09:04', '2025-09-16 17:16:26'),
	(112, 'Grupo AJE', 'Volt Ponche de Frutas 625ml (12 Pack)', 8.00, 0, '2025-09-12 21:09:04', '2025-09-12 21:09:04'),
	(113, 'Grupo AJE', 'Volt Yellow 300ml (12 Pack)', 4.50, 0, '2025-09-12 21:09:04', '2025-09-16 17:16:26'),
	(114, 'Grupo AJE', 'Volt Yellow Lata 473ml (6 Pack)', 5.00, 0, '2025-09-12 21:09:04', '2025-09-12 21:09:04'),
	(115, 'Grupo AJE', 'DGussto Cereal Hojuela 25grs (12 Pack)', 3.00, 0, '2025-09-12 21:09:04', '2025-09-12 21:09:04'),
	(116, 'Grupo AJE', 'DGussto Cereal Hojuela 80grs (8 Pack)', 6.00, 0, '2025-09-12 21:09:04', '2025-09-12 21:09:04'),
	(117, 'Grupo AJE', 'DGussto Cereal Hojuela 140grs (6 Pack)', 6.00, 0, '2025-09-12 21:09:04', '2025-09-12 21:09:04'),
	(118, 'Grupo AJE', 'DGussto Cereales Aritos De Colores Bolsa 25grs (12 Pack)', 3.00, 0, '2025-09-12 21:09:04', '2025-09-12 21:09:04'),
	(119, 'Grupo AJE', 'DGussto Cereales Aritos De Colores Bolsa 80grs (8 Pack)', 6.00, 0, '2025-09-12 21:09:04', '2025-09-12 21:09:04'),
	(120, 'Grupo AJE', 'DGussto Cereales Aritos De Colores Bolsa 140grs (6 Pack)', 6.00, 0, '2025-09-12 21:09:04', '2025-09-12 21:09:04'),
	(121, 'Grupo AJE', 'DGussto Cereal Pops Chocolate Bolsa 25grs (12 Pack)', 3.00, 0, '2025-09-12 21:09:04', '2025-09-12 21:09:04'),
	(122, 'Grupo AJE', 'DGussto Cereal Pops Chocolate Bolsa 80grs (8 Pack)', 6.00, 0, '2025-09-12 21:09:04', '2025-09-12 21:09:04'),
	(123, 'Grupo AJE', 'DGussto Cereal Pops Chocolate Bolsa 140grs (6 Pack)', 6.00, 0, '2025-09-12 21:09:04', '2025-09-12 21:09:04');

-- Volcando estructura para tabla inventario_system.tablas_distribucion
CREATE TABLE IF NOT EXISTS `tablas_distribucion` (
  `id` int NOT NULL AUTO_INCREMENT,
  `distribucion_id` int NOT NULL,
  `fecha_tabla` date NOT NULL,
  `numero_tabla` int NOT NULL,
  `total_tabla` decimal(10,2) DEFAULT '0.00',
  `estado` enum('activo','eliminado') DEFAULT 'activo',
  PRIMARY KEY (`id`),
  KEY `distribucion_id` (`distribucion_id`),
  CONSTRAINT `tablas_distribucion_ibfk_1` FOREIGN KEY (`distribucion_id`) REFERENCES `distribuciones` (`id`) ON DELETE CASCADE
) ENGINE=InnoDB DEFAULT CHARSET=utf8mb4 COLLATE=utf8mb4_0900_ai_ci;

-- Volcando datos para la tabla inventario_system.tablas_distribucion: ~0 rows (aproximadamente)
INSERT INTO `tablas_distribucion` (`id`, `distribucion_id`, `fecha_tabla`, `numero_tabla`, `total_tabla`, `estado`) VALUES
	(1, 1, '2025-09-16', 1, 389.40, 'activo'),
	(2, 1, '2025-09-16', 2, 283.55, 'activo'),
	(3, 1, '2025-09-16', 3, 192.70, 'activo'),
	(4, 1, '2025-09-16', 4, 232.70, 'activo'),
	(5, 1, '2025-09-16', 5, 109.40, 'activo'),
	(6, 1, '2025-09-16', 6, 40.50, 'activo'),
	(7, 1, '2025-09-16', 7, 57.15, 'activo'),
	(8, 1, '2025-09-16', 8, 151.50, 'activo'),
	(9, 1, '2025-09-16', 9, 83.95, 'activo'),
	(10, 1, '2025-09-16', 10, 16.25, 'activo'),
	(11, 1, '2025-09-16', 11, 117.80, 'activo'),
	(12, 1, '2025-09-16', 12, 121.50, 'activo'),
	(13, 1, '2025-09-16', 13, 130.10, 'activo'),
	(14, 1, '2025-09-16', 14, 94.90, 'activo'),
	(15, 1, '2025-09-16', 15, 89.05, 'activo'),
	(16, 1, '2025-09-16', 16, 74.00, 'activo'),
	(17, 1, '2025-09-16', 17, 53.10, 'activo'),
	(18, 1, '2025-09-16', 18, 160.05, 'activo'),
	(19, 1, '2025-09-16', 19, 51.15, 'activo'),
	(20, 1, '2025-09-16', 20, 65.65, 'activo'),
	(21, 1, '2025-09-16', 21, 55.40, 'activo'),
	(22, 1, '2025-09-16', 22, 59.75, 'activo'),
	(23, 1, '2025-09-16', 23, 52.85, 'activo'),
	(24, 1, '2025-09-16', 24, 65.80, 'activo'),
	(25, 1, '2025-09-16', 25, 120.45, 'activo'),
	(26, 1, '2025-09-16', 26, 61.55, 'activo'),
	(27, 1, '2025-09-16', 27, 84.20, 'activo'),
	(28, 1, '2025-09-16', 28, 80.80, 'activo'),
	(29, 1, '2025-09-16', 29, 75.90, 'activo'),
	(30, 1, '2025-09-16', 30, 48.10, 'activo'),
	(31, 1, '2025-09-16', 31, 151.50, 'activo'),
	(32, 1, '2025-09-16', 32, 539.50, 'activo'),
	(33, 1, '2025-09-16', 33, 356.90, 'activo'),
	(34, 1, '2025-09-16', 34, 693.85, 'activo'),
	(35, 1, '2025-09-16', 35, 58.05, 'activo'),
	(36, 1, '2025-09-16', 36, 376.90, 'activo'),
	(37, 1, '2025-09-16', 37, 164.95, 'activo'),
	(38, 1, '2025-09-16', 38, 208.50, 'activo'),
	(39, 1, '2025-09-16', 39, 96.10, 'activo'),
	(40, 1, '2025-09-16', 40, 199.75, 'activo'),
	(41, 1, '2025-09-17', 1, 129.95, 'activo'),
	(42, 1, '2025-09-17', 2, 89.90, 'activo'),
	(43, 1, '2025-09-17', 3, 142.00, 'activo'),
	(44, 1, '2025-09-17', 4, 66.00, 'activo'),
	(45, 1, '2025-09-17', 5, 110.15, 'activo'),
	(46, 1, '2025-09-17', 6, 99.00, 'activo'),
	(47, 1, '2025-09-17', 7, 87.25, 'activo'),
	(48, 1, '2025-09-17', 8, 113.40, 'activo'),
	(49, 1, '2025-09-17', 9, 71.75, 'activo'),
	(50, 1, '2025-09-17', 10, 106.00, 'activo'),
	(51, 1, '2025-09-17', 11, 225.95, 'activo'),
	(52, 1, '2025-09-17', 12, 23.05, 'activo'),
	(53, 1, '2025-09-17', 13, 107.30, 'activo'),
	(54, 1, '2025-09-17', 14, 89.75, 'activo'),
	(55, 1, '2025-09-17', 15, 42.00, 'activo'),
	(56, 1, '2025-09-17', 16, 133.65, 'activo'),
	(57, 1, '2025-09-17', 17, 95.75, 'activo'),
	(58, 1, '2025-09-17', 18, 44.20, 'activo'),
	(59, 1, '2025-09-17', 19, 103.95, 'activo'),
	(60, 1, '2025-09-17', 20, 487.75, 'activo'),
	(61, 1, '2025-09-17', 21, 494.25, 'activo'),
	(62, 1, '2025-09-17', 22, 331.10, 'activo'),
	(63, 1, '2025-09-17', 23, 339.45, 'activo'),
	(64, 1, '2025-09-17', 24, 252.95, 'activo'),
	(65, 1, '2025-09-17', 25, 83.25, 'activo'),
	(66, 1, '2025-09-17', 26, 170.10, 'activo'),
	(67, 1, '2025-09-17', 27, 133.40, 'activo'),
	(68, 1, '2025-09-17', 28, 106.55, 'activo'),
	(69, 1, '2025-09-17', 29, 101.20, 'activo'),
	(70, 1, '2025-09-17', 30, 91.65, 'activo'),
	(71, 1, '2025-09-17', 31, 203.00, 'activo'),
	(72, 1, '2025-09-17', 32, 46.25, 'activo'),
	(73, 1, '2025-09-17', 33, 87.30, 'activo'),
	(74, 1, '2025-09-17', 34, 127.40, 'activo'),
	(75, 1, '2025-09-17', 35, 95.15, 'activo'),
	(76, 1, '2025-09-17', 36, 74.00, 'activo'),
	(77, 1, '2025-09-17', 37, 91.95, 'activo'),
	(78, 1, '2025-09-17', 38, 176.50, 'activo'),
	(79, 1, '2025-09-17', 39, 55.75, 'activo'),
	(80, 1, '2025-09-17', 40, 719.85, 'activo'),
	(81, 1, '2025-09-18', 1, 609.25, 'activo'),
	(82, 1, '2025-09-18', 2, 393.10, 'activo'),
	(83, 1, '2025-09-18', 3, 172.10, 'activo'),
	(84, 1, '2025-09-18', 4, 187.75, 'activo'),
	(85, 1, '2025-09-18', 5, 289.75, 'activo'),
	(86, 1, '2025-09-18', 6, 387.40, 'activo'),
	(87, 1, '2025-09-18', 7, 242.00, 'activo'),
	(88, 1, '2025-09-18', 8, 184.80, 'activo'),
	(89, 1, '2025-09-18', 9, 126.50, 'activo'),
	(90, 1, '2025-09-18', 10, 177.30, 'activo'),
	(91, 1, '2025-09-18', 11, 101.60, 'activo'),
	(92, 1, '2025-09-18', 12, 127.30, 'activo'),
	(93, 1, '2025-09-18', 13, 69.50, 'activo'),
	(94, 1, '2025-09-18', 14, 57.20, 'activo'),
	(95, 1, '2025-09-18', 15, 67.50, 'activo'),
	(96, 1, '2025-09-18', 16, 90.00, 'activo'),
	(97, 1, '2025-09-18', 17, 78.70, 'activo'),
	(98, 1, '2025-09-18', 18, 49.80, 'activo'),
	(99, 1, '2025-09-18', 19, 61.00, 'activo'),
	(100, 1, '2025-09-18', 20, 60.70, 'activo'),
	(101, 1, '2025-09-18', 21, 90.05, 'activo'),
	(102, 1, '2025-09-18', 22, 87.00, 'activo'),
	(103, 1, '2025-09-18', 23, 84.25, 'activo'),
	(104, 1, '2025-09-18', 24, 101.25, 'activo'),
	(105, 1, '2025-09-18', 25, 146.00, 'activo'),
	(106, 1, '2025-09-18', 26, 72.35, 'activo'),
	(107, 1, '2025-09-18', 27, 105.75, 'activo'),
	(108, 1, '2025-09-18', 28, 126.95, 'activo'),
	(109, 1, '2025-09-18', 29, 143.85, 'activo'),
	(110, 1, '2025-09-18', 30, 61.80, 'activo'),
	(111, 1, '2025-09-18', 31, 186.20, 'activo'),
	(112, 1, '2025-09-18', 32, 129.50, 'activo'),
	(113, 1, '2025-09-18', 33, 124.00, 'activo'),
	(114, 1, '2025-09-18', 34, 76.50, 'activo'),
	(115, 1, '2025-09-18', 35, 114.10, 'activo'),
	(116, 1, '2025-09-18', 36, 182.40, 'activo'),
	(117, 1, '2025-09-18', 37, 126.50, 'activo'),
	(118, 1, '2025-09-18', 38, 120.30, 'activo'),
	(119, 1, '2025-09-18', 39, 68.00, 'activo'),
	(120, 1, '2025-09-18', 40, 57.75, 'activo'),
	(121, 1, '2025-09-19', 1, 44.00, 'activo'),
	(122, 1, '2025-09-19', 2, 90.60, 'activo'),
	(123, 1, '2025-09-19', 3, 56.55, 'activo'),
	(124, 1, '2025-09-19', 4, 61.40, 'activo'),
	(125, 1, '2025-09-19', 5, 76.15, 'activo'),
	(126, 1, '2025-09-19', 6, 57.60, 'activo'),
	(127, 1, '2025-09-19', 7, 35.20, 'activo'),
	(128, 1, '2025-09-19', 8, 89.00, 'activo'),
	(129, 1, '2025-09-19', 9, 72.05, 'activo'),
	(130, 1, '2025-09-19', 10, 54.60, 'activo'),
	(131, 1, '2025-09-19', 11, 335.25, 'activo'),
	(132, 1, '2025-09-19', 12, 216.75, 'activo'),
	(133, 1, '2025-09-19', 13, 313.20, 'activo'),
	(134, 1, '2025-09-19', 14, 146.75, 'activo'),
	(135, 1, '2025-09-19', 15, 73.85, 'activo'),
	(136, 1, '2025-09-19', 16, 222.40, 'activo'),
	(137, 1, '2025-09-19', 17, 211.20, 'activo'),
	(138, 1, '2025-09-19', 18, 115.25, 'activo'),
	(139, 1, '2025-09-19', 19, 144.90, 'activo'),
	(140, 1, '2025-09-19', 20, 99.20, 'activo'),
	(141, 1, '2025-09-19', 21, 77.00, 'activo'),
	(142, 1, '2025-09-19', 22, 97.60, 'activo'),
	(143, 1, '2025-09-19', 23, 37.60, 'activo'),
	(144, 1, '2025-09-19', 24, 82.75, 'activo'),
	(145, 1, '2025-09-19', 25, 86.00, 'activo'),
	(146, 1, '2025-09-19', 26, 102.50, 'activo'),
	(147, 1, '2025-09-19', 27, 63.75, 'activo'),
	(148, 1, '2025-09-19', 28, 49.10, 'activo'),
	(149, 1, '2025-09-19', 29, 53.25, 'activo'),
	(150, 1, '2025-09-19', 30, 50.45, 'activo'),
	(151, 1, '2025-09-19', 31, 93.80, 'activo'),
	(152, 1, '2025-09-19', 32, 38.15, 'activo'),
	(153, 1, '2025-09-19', 33, 45.00, 'activo'),
	(154, 1, '2025-09-19', 34, 44.65, 'activo'),
	(155, 1, '2025-09-19', 35, 81.20, 'activo'),
	(156, 1, '2025-09-19', 36, 62.55, 'activo'),
	(157, 1, '2025-09-19', 37, 33.20, 'activo'),
	(158, 1, '2025-09-19', 38, 72.60, 'activo'),
	(159, 1, '2025-09-19', 39, 116.20, 'activo'),
	(160, 1, '2025-09-19', 40, 125.55, 'activo'),
	(161, 1, '2025-09-22', 1, 71.20, 'activo'),
	(162, 1, '2025-09-22', 2, 104.50, 'activo'),
	(163, 1, '2025-09-22', 3, 69.65, 'activo'),
	(164, 1, '2025-09-22', 4, 157.00, 'activo'),
	(165, 1, '2025-09-22', 5, 65.25, 'activo'),
	(166, 1, '2025-09-22', 6, 61.10, 'activo'),
	(167, 1, '2025-09-22', 7, 54.15, 'activo'),
	(168, 1, '2025-09-22', 8, 100.30, 'activo'),
	(169, 1, '2025-09-22', 9, 149.75, 'activo'),
	(170, 1, '2025-09-22', 10, 121.40, 'activo'),
	(171, 1, '2025-09-22', 11, 158.75, 'activo'),
	(172, 1, '2025-09-22', 12, 50.60, 'activo'),
	(173, 1, '2025-09-22', 13, 32.40, 'activo'),
	(174, 1, '2025-09-22', 14, 111.40, 'activo'),
	(175, 1, '2025-09-22', 15, 32.60, 'activo'),
	(176, 1, '2025-09-22', 16, 29.80, 'activo'),
	(177, 1, '2025-09-22', 17, 59.30, 'activo'),
	(178, 1, '2025-09-22', 18, 209.00, 'activo'),
	(179, 1, '2025-09-22', 19, 269.90, 'activo'),
	(180, 1, '2025-09-22', 20, 164.60, 'activo'),
	(181, 1, '2025-09-22', 21, 148.10, 'activo'),
	(182, 1, '2025-09-22', 22, 83.90, 'activo'),
	(183, 1, '2025-09-22', 23, 14.90, 'activo'),
	(184, 1, '2025-09-22', 24, 109.00, 'activo'),
	(185, 1, '2025-09-22', 25, 73.75, 'activo'),
	(186, 1, '2025-09-22', 26, 40.60, 'activo'),
	(187, 1, '2025-09-22', 27, 99.20, 'activo'),
	(188, 1, '2025-09-22', 28, 31.25, 'activo'),
	(189, 1, '2025-09-22', 29, 95.50, 'activo'),
	(190, 1, '2025-09-22', 30, 80.00, 'activo'),
	(191, 1, '2025-09-22', 31, 66.10, 'activo'),
	(192, 1, '2025-09-22', 32, 68.00, 'activo'),
	(193, 1, '2025-09-22', 33, 35.75, 'activo'),
	(194, 1, '2025-09-22', 34, 66.60, 'activo'),
	(195, 1, '2025-09-22', 35, 57.00, 'activo'),
	(196, 1, '2025-09-22', 36, 73.00, 'activo'),
	(197, 1, '2025-09-22', 37, 62.35, 'activo'),
	(198, 1, '2025-09-22', 38, 54.40, 'activo'),
	(199, 1, '2025-09-22', 39, 40.90, 'activo'),
	(200, 1, '2025-09-22', 40, 45.20, 'activo'),
	(201, 1, '2025-09-23', 1, 62.80, 'activo'),
	(202, 1, '2025-09-23', 2, 39.70, 'activo'),
	(203, 1, '2025-09-23', 3, 334.00, 'activo'),
	(204, 1, '2025-09-23', 4, 119.40, 'activo'),
	(205, 1, '2025-09-23', 5, 109.25, 'activo'),
	(206, 1, '2025-09-23', 6, 292.00, 'activo'),
	(207, 1, '2025-09-23', 7, 220.25, 'activo'),
	(208, 1, '2025-09-23', 8, 167.00, 'activo'),
	(209, 1, '2025-09-23', 9, 314.15, 'activo'),
	(210, 1, '2025-09-23', 10, 161.45, 'activo'),
	(211, 1, '2025-09-23', 11, 159.10, 'activo'),
	(212, 1, '2025-09-23', 12, 96.85, 'activo'),
	(213, 1, '2025-09-23', 13, 126.00, 'activo'),
	(214, 1, '2025-09-23', 14, 108.25, 'activo'),
	(215, 1, '2025-09-23', 15, 128.35, 'activo'),
	(216, 1, '2025-09-23', 16, 125.75, 'activo'),
	(217, 1, '2025-09-23', 17, 43.50, 'activo'),
	(218, 1, '2025-09-23', 18, 100.20, 'activo'),
	(219, 1, '2025-09-23', 19, 54.30, 'activo'),
	(220, 1, '2025-09-23', 20, 79.10, 'activo'),
	(221, 1, '2025-09-23', 21, 40.60, 'activo'),
	(222, 1, '2025-09-23', 22, 39.45, 'activo'),
	(223, 1, '2025-09-23', 23, 58.50, 'activo'),
	(224, 1, '2025-09-23', 24, 74.05, 'activo'),
	(225, 1, '2025-09-23', 25, 62.10, 'activo'),
	(226, 1, '2025-09-23', 26, 43.60, 'activo'),
	(227, 1, '2025-09-23', 27, 68.00, 'activo'),
	(228, 1, '2025-09-23', 28, 174.40, 'activo'),
	(229, 1, '2025-09-23', 29, 131.20, 'activo'),
	(230, 1, '2025-09-23', 30, 60.00, 'activo'),
	(231, 1, '2025-09-23', 31, 113.50, 'activo'),
	(232, 1, '2025-09-23', 32, 214.00, 'activo'),
	(233, 1, '2025-09-23', 33, 76.85, 'activo'),
	(234, 1, '2025-09-23', 34, 166.60, 'activo'),
	(235, 1, '2025-09-23', 35, 183.60, 'activo'),
	(236, 1, '2025-09-23', 36, 77.50, 'activo'),
	(237, 1, '2025-09-23', 37, 117.90, 'activo'),
	(238, 1, '2025-09-23', 38, 121.00, 'activo'),
	(239, 1, '2025-09-23', 39, 35.00, 'activo'),
	(240, 1, '2025-09-23', 40, 56.50, 'activo'),
	(241, 1, '2025-09-24', 1, 37.60, 'activo'),
	(242, 1, '2025-09-24', 2, 80.55, 'activo'),
	(243, 1, '2025-09-24', 3, 72.70, 'activo'),
	(244, 1, '2025-09-24', 4, 47.40, 'activo'),
	(245, 1, '2025-09-24', 5, 85.70, 'activo'),
	(246, 1, '2025-09-24', 6, 34.75, 'activo'),
	(247, 1, '2025-09-24', 7, 44.35, 'activo'),
	(248, 1, '2025-09-24', 8, 37.00, 'activo'),
	(249, 1, '2025-09-24', 9, 49.00, 'activo'),
	(250, 1, '2025-09-24', 10, 39.00, 'activo'),
	(251, 1, '2025-09-24', 11, 41.00, 'activo'),
	(252, 1, '2025-09-24', 12, 35.70, 'activo'),
	(253, 1, '2025-09-24', 13, 32.20, 'activo'),
	(254, 1, '2025-09-24', 14, 48.10, 'activo'),
	(255, 1, '2025-09-24', 15, 47.55, 'activo'),
	(256, 1, '2025-09-24', 16, 104.00, 'activo'),
	(257, 1, '2025-09-24', 17, 48.05, 'activo'),
	(258, 1, '2025-09-24', 18, 75.85, 'activo'),
	(259, 1, '2025-09-24', 19, 57.00, 'activo'),
	(260, 1, '2025-09-24', 20, 47.15, 'activo'),
	(261, 1, '2025-09-24', 21, 57.65, 'activo'),
	(262, 1, '2025-09-24', 22, 53.95, 'activo'),
	(263, 1, '2025-09-24', 23, 60.15, 'activo'),
	(264, 1, '2025-09-24', 24, 204.60, 'activo'),
	(265, 1, '2025-09-24', 25, 165.20, 'activo'),
	(266, 1, '2025-09-24', 26, 128.05, 'activo'),
	(267, 1, '2025-09-24', 27, 20.90, 'activo'),
	(268, 1, '2025-09-24', 28, 189.80, 'activo'),
	(269, 1, '2025-09-24', 29, 148.00, 'activo'),
	(270, 1, '2025-09-24', 30, 96.05, 'activo'),
	(271, 1, '2025-09-24', 31, 62.75, 'activo'),
	(272, 1, '2025-09-24', 32, 37.20, 'activo'),
	(273, 1, '2025-09-24', 33, 53.55, 'activo'),
	(274, 1, '2025-09-24', 34, 64.30, 'activo'),
	(275, 1, '2025-09-24', 35, 73.65, 'activo'),
	(276, 1, '2025-09-24', 36, 61.65, 'activo'),
	(277, 1, '2025-09-24', 37, 70.25, 'activo'),
	(278, 1, '2025-09-24', 38, 79.60, 'activo'),
	(279, 1, '2025-09-24', 39, 22.20, 'activo'),
	(280, 1, '2025-09-24', 40, 56.80, 'activo'),
	(281, 1, '2025-09-25', 1, 51.20, 'activo'),
	(282, 1, '2025-09-25', 2, 64.25, 'activo'),
	(283, 1, '2025-09-25', 3, 144.50, 'activo'),
	(284, 1, '2025-09-25', 4, 52.55, 'activo'),
	(285, 1, '2025-09-25', 5, 61.25, 'activo'),
	(286, 1, '2025-09-25', 6, 25.80, 'activo'),
	(287, 1, '2025-09-25', 7, 73.50, 'activo'),
	(288, 1, '2025-09-25', 8, 142.00, 'activo'),
	(289, 1, '2025-09-25', 9, 55.40, 'activo'),
	(290, 1, '2025-09-25', 10, 103.00, 'activo'),
	(291, 1, '2025-09-25', 11, 110.00, 'activo'),
	(292, 1, '2025-09-25', 12, 95.00, 'activo'),
	(293, 1, '2025-09-25', 13, 22.40, 'activo'),
	(294, 1, '2025-09-25', 14, 72.75, 'activo'),
	(295, 1, '2025-09-25', 15, 94.20, 'activo'),
	(296, 1, '2025-09-25', 16, 52.50, 'activo'),
	(297, 1, '2025-09-25', 17, 30.70, 'activo'),
	(298, 1, '2025-09-25', 18, 57.50, 'activo'),
	(299, 1, '2025-09-25', 19, 72.20, 'activo'),
	(300, 1, '2025-09-25', 20, 65.65, 'activo'),
	(301, 1, '2025-09-25', 21, 58.25, 'activo'),
	(302, 1, '2025-09-25', 22, 52.00, 'activo'),
	(303, 1, '2025-09-25', 23, 125.00, 'activo'),
	(304, 1, '2025-09-25', 24, 35.00, 'activo'),
	(305, 1, '2025-09-25', 25, 85.20, 'activo'),
	(306, 1, '2025-09-25', 26, 125.85, 'activo'),
	(307, 1, '2025-09-25', 27, 53.75, 'activo'),
	(308, 1, '2025-09-25', 28, 65.75, 'activo'),
	(309, 1, '2025-09-25', 29, 60.00, 'activo'),
	(310, 1, '2025-09-25', 30, 63.90, 'activo'),
	(311, 1, '2025-09-25', 31, 54.00, 'activo'),
	(312, 1, '2025-09-25', 32, 44.30, 'activo'),
	(313, 1, '2025-09-25', 33, 83.40, 'activo'),
	(314, 1, '2025-09-25', 34, 24.65, 'activo'),
	(315, 1, '2025-09-25', 35, 43.25, 'activo'),
	(316, 1, '2025-09-25', 36, 49.85, 'activo'),
	(317, 1, '2025-09-25', 37, 52.35, 'activo'),
	(318, 1, '2025-09-25', 38, 66.50, 'activo'),
	(319, 1, '2025-09-25', 39, 65.05, 'activo'),
	(320, 1, '2025-09-25', 40, 50.85, 'activo'),
	(321, 1, '2025-09-26', 1, 68.25, 'activo'),
	(322, 1, '2025-09-26', 2, 51.80, 'activo'),
	(323, 1, '2025-09-26', 3, 54.50, 'activo'),
	(324, 1, '2025-09-26', 4, 41.00, 'activo'),
	(325, 1, '2025-09-26', 5, 27.95, 'activo'),
	(326, 1, '2025-09-26', 6, 71.55, 'activo'),
	(327, 1, '2025-09-26', 7, 72.50, 'activo'),
	(328, 1, '2025-09-26', 8, 60.75, 'activo'),
	(329, 1, '2025-09-26', 9, 34.45, 'activo'),
	(330, 1, '2025-09-26', 10, 49.25, 'activo'),
	(331, 1, '2025-09-26', 11, 83.00, 'activo'),
	(332, 1, '2025-09-26', 12, 48.50, 'activo'),
	(333, 1, '2025-09-26', 13, 59.75, 'activo'),
	(334, 1, '2025-09-26', 14, 81.00, 'activo'),
	(335, 1, '2025-09-26', 15, 88.05, 'activo'),
	(336, 1, '2025-09-26', 16, 106.75, 'activo'),
	(337, 1, '2025-09-26', 17, 95.10, 'activo'),
	(338, 1, '2025-09-26', 18, 86.50, 'activo'),
	(339, 1, '2025-09-26', 19, 76.25, 'activo'),
	(340, 1, '2025-09-26', 20, 96.75, 'activo'),
	(341, 1, '2025-09-26', 21, 111.25, 'activo'),
	(342, 1, '2025-09-26', 22, 40.30, 'activo'),
	(343, 1, '2025-09-26', 23, 54.00, 'activo'),
	(344, 1, '2025-09-26', 24, 104.50, 'activo'),
	(345, 1, '2025-09-26', 25, 53.95, 'activo'),
	(346, 1, '2025-09-26', 26, 32.60, 'activo'),
	(347, 1, '2025-09-26', 27, 58.75, 'activo'),
	(348, 1, '2025-09-26', 28, 30.45, 'activo'),
	(349, 1, '2025-09-26', 29, 54.95, 'activo'),
	(350, 1, '2025-09-26', 30, 37.00, 'activo'),
	(351, 1, '2025-09-26', 31, 187.90, 'activo'),
	(352, 1, '2025-09-26', 32, 141.65, 'activo'),
	(353, 1, '2025-09-26', 33, 56.75, 'activo'),
	(354, 1, '2025-09-26', 34, 79.35, 'activo'),
	(355, 1, '2025-09-26', 35, 39.60, 'activo'),
	(356, 1, '2025-09-26', 36, 25.35, 'activo'),
	(357, 1, '2025-09-26', 37, 56.65, 'activo'),
	(358, 1, '2025-09-26', 38, 62.25, 'activo'),
	(359, 1, '2025-09-26', 39, 55.50, 'activo'),
	(360, 1, '2025-09-26', 40, 81.85, 'activo'),
	(361, 1, '2025-09-29', 1, 43.25, 'activo'),
	(362, 1, '2025-09-29', 2, 62.20, 'activo'),
	(363, 1, '2025-09-29', 3, 40.95, 'activo'),
	(364, 1, '2025-09-29', 4, 76.35, 'activo'),
	(365, 1, '2025-09-29', 5, 47.15, 'activo'),
	(366, 1, '2025-09-29', 6, 48.65, 'activo'),
	(367, 1, '2025-09-29', 7, 28.20, 'activo'),
	(368, 1, '2025-09-29', 8, 44.85, 'activo'),
	(369, 1, '2025-09-29', 9, 49.55, 'activo'),
	(370, 1, '2025-09-29', 10, 25.75, 'activo'),
	(371, 1, '2025-09-29', 11, 44.55, 'activo'),
	(372, 1, '2025-09-29', 12, 24.55, 'activo'),
	(373, 1, '2025-09-29', 13, 53.80, 'activo'),
	(374, 1, '2025-09-29', 14, 62.55, 'activo'),
	(375, 1, '2025-09-29', 15, 33.15, 'activo'),
	(376, 1, '2025-09-29', 16, 52.80, 'activo'),
	(377, 1, '2025-09-29', 17, 92.50, 'activo'),
	(378, 1, '2025-09-29', 18, 59.50, 'activo'),
	(379, 1, '2025-09-29', 19, 71.95, 'activo'),
	(380, 1, '2025-09-29', 20, 52.50, 'activo'),
	(381, 1, '2025-09-29', 21, 51.50, 'activo'),
	(382, 1, '2025-09-29', 22, 41.00, 'activo'),
	(383, 1, '2025-09-29', 23, 32.25, 'activo'),
	(384, 1, '2025-09-29', 24, 47.20, 'activo'),
	(385, 1, '2025-09-29', 25, 65.25, 'activo'),
	(386, 1, '2025-09-29', 26, 29.60, 'activo'),
	(387, 1, '2025-09-29', 27, 41.00, 'activo'),
	(388, 1, '2025-09-29', 28, 56.05, 'activo'),
	(389, 1, '2025-09-29', 29, 63.70, 'activo'),
	(390, 1, '2025-09-29', 30, 30.00, 'activo'),
	(391, 1, '2025-09-29', 31, 17.00, 'activo'),
	(392, 1, '2025-09-29', 32, 23.90, 'activo'),
	(393, 1, '2025-09-29', 33, 55.00, 'activo'),
	(394, 1, '2025-09-29', 34, 58.00, 'activo'),
	(395, 1, '2025-09-29', 35, 53.05, 'activo'),
	(396, 1, '2025-09-29', 36, 15.50, 'activo'),
	(397, 1, '2025-09-29', 37, 41.20, 'activo'),
	(398, 1, '2025-09-29', 38, 46.00, 'activo'),
	(399, 1, '2025-09-29', 39, 43.55, 'activo'),
	(400, 1, '2025-09-29', 40, 67.75, 'activo'),
	(401, 1, '2025-09-30', 1, 21.80, 'activo'),
	(402, 1, '2025-09-30', 2, 29.80, 'activo'),
	(403, 1, '2025-09-30', 3, 24.50, 'activo'),
	(404, 1, '2025-09-30', 4, 16.70, 'activo'),
	(405, 1, '2025-09-30', 5, 50.00, 'activo'),
	(406, 1, '2025-09-30', 6, 39.90, 'activo'),
	(407, 1, '2025-09-30', 7, 25.05, 'activo'),
	(408, 1, '2025-09-30', 8, 75.00, 'activo'),
	(409, 1, '2025-09-30', 9, 34.50, 'activo'),
	(410, 1, '2025-09-30', 10, 40.00, 'activo'),
	(411, 1, '2025-09-30', 11, 43.00, 'activo'),
	(412, 1, '2025-09-30', 12, 29.30, 'activo'),
	(413, 1, '2025-09-30', 13, 64.00, 'activo'),
	(414, 1, '2025-09-30', 14, 37.60, 'activo'),
	(415, 1, '2025-09-30', 15, 50.25, 'activo'),
	(416, 1, '2025-09-30', 16, 38.20, 'activo'),
	(417, 1, '2025-09-30', 17, 38.50, 'activo'),
	(418, 1, '2025-09-30', 18, 32.50, 'activo'),
	(419, 1, '2025-09-30', 19, 28.50, 'activo'),
	(420, 1, '2025-09-30', 20, 41.00, 'activo'),
	(421, 1, '2025-09-30', 21, 36.00, 'activo'),
	(422, 1, '2025-09-30', 22, 35.60, 'activo'),
	(423, 1, '2025-09-30', 23, 58.00, 'activo'),
	(424, 1, '2025-09-30', 24, 37.70, 'activo'),
	(425, 1, '2025-09-30', 25, 28.60, 'activo'),
	(426, 1, '2025-09-30', 26, 60.00, 'activo'),
	(427, 1, '2025-09-30', 27, 12.50, 'activo'),
	(428, 1, '2025-09-30', 28, 49.65, 'activo'),
	(429, 1, '2025-09-30', 29, 37.00, 'activo'),
	(430, 1, '2025-09-30', 30, 20.65, 'activo'),
	(431, 1, '2025-09-30', 31, 33.00, 'activo'),
	(432, 1, '2025-09-30', 32, 22.50, 'activo'),
	(433, 1, '2025-09-30', 33, 23.75, 'activo'),
	(434, 1, '2025-09-30', 34, 67.50, 'activo'),
	(435, 1, '2025-09-30', 35, 13.95, 'activo'),
	(436, 1, '2025-09-30', 36, 23.40, 'activo'),
	(437, 1, '2025-09-30', 37, 40.65, 'activo'),
	(438, 1, '2025-09-30', 38, 17.80, 'activo'),
	(439, 1, '2025-09-30', 39, 22.50, 'activo'),
	(440, 1, '2025-09-30', 40, 60.00, 'activo');

/*!40103 SET TIME_ZONE=IFNULL(@OLD_TIME_ZONE, 'system') */;
/*!40101 SET SQL_MODE=IFNULL(@OLD_SQL_MODE, '') */;
/*!40014 SET FOREIGN_KEY_CHECKS=IFNULL(@OLD_FOREIGN_KEY_CHECKS, 1) */;
/*!40101 SET CHARACTER_SET_CLIENT=@OLD_CHARACTER_SET_CLIENT */;
/*!40111 SET SQL_NOTES=IFNULL(@OLD_SQL_NOTES, 1) */;
